Date,Close,High,Low,Open,Volume,RSI_14
2015-01-01,39.61793518066406,40.63773377302535,38.98377581032129,39.9864345184708,133149800,
2015-01-08,39.38655853271485,41.05765994085872,39.09518698837643,40.06356936648634,142231500,
2015-01-15,39.352272033691406,39.97786636803497,38.70954108416736,39.60936702877996,143689100,
2015-01-22,35.29878616333008,40.61202987394219,35.273077968844376,39.74648687890055,358306200,
2015-01-29,35.855804443359375,36.17288401548006,34.47607531267283,35.07595796981013,285639900,
2015-02-05,36.31858444213867,36.669943897169546,35.872957258107064,36.18146863698269,170479100,
2015-02-12,37.30410385131836,37.7068829654702,36.42998935391788,36.55853685348511,134341100,
2015-02-19,37.966590881347656,38.23414146175845,37.15529997981062,37.267500415794814,144874800,
2015-02-26,37.16393661499024,38.17373077206401,37.00858316123068,37.966595028626806,152186300,
2015-03-05,36.23181915283203,37.31929342700761,36.110989409559984,37.17256924420328,162925300,
2015-03-12,36.68061828613281,36.96543407904203,35.049410140892384,35.67082402188441,229141900,
2015-03-19,35.78302383422852,37.25887861829459,35.765761970440366,36.47348192393511,201012900,
2015-03-26,35.14435577392578,35.91249070149741,34.790495752492866,35.57589254603248,178699200,
2015-04-02,35.74850082397461,36.17140826436056,34.62650599414218,35.09256644868246,130274000,
2015-04-09,36.47347259521485,36.64608789658312,35.60177009723145,35.60177009723145,135610600,35.88020186059963
2015-04-16,37.1035270690918,37.25887725276384,35.52410116018249,36.205929939188046,162033100,40.603171232856944
2015-04-23,42.342384338378906,42.55815269933044,36.939542736428855,37.01721947806596,345026800,64.2096784106187
2015-04-30,39.94303512573242,42.75665619902568,39.71863749471351,42.03167442535615,240504500,53.685928422786425
2015-05-07,41.10818862915039,41.70370811402388,39.83946962619832,39.93440823082247,157058900,57.34223413013726
2015-05-14,41.06502914428711,42.2129149198592,40.71979850776251,41.45340949492309,139382800,57.16221594269748
2015-05-21,41.35797119140625,41.49696024822346,40.1244404126131,41.07130439773048,105048800,58.123176688531515
2015-05-28,40.69778060913086,41.71414102734594,40.4719245793949,41.26242565411272,134141100,55.12210257174429
2015-06-04,40.489288330078125,40.96706300072943,39.49030221654867,40.645651431565526,128128700,54.17084457467762
2015-06-11,39.93333053588867,40.758576155528885,39.10808160248811,40.5327201921428,140307700,51.61303351481465
2015-06-18,39.64667892456055,40.68041348513939,39.56849734698535,40.15051649421437,177600800,50.2944129484566
2015-06-25,38.61293029785156,40.2026172413382,38.169900453081766,39.985446658463616,168822300,45.754576174838064
2015-07-02,38.43052291870117,39.00385335043703,37.63133313623704,38.63900490455344,121007700,44.9829960814566
2015-07-09,39.75090408325195,39.92464122127196,38.65636574711841,38.87353634120334,135578700,51.37513866496582
2015-07-16,39.5598030090332,41.11474552507752,39.2644508177944,39.96808154268621,188305000,50.46132704452884
2015-07-23,40.21131134033203,40.63696388443309,38.90828766745357,39.32525484512341,181243400,53.49812345212143
2015-07-30,41.33190155029297,42.05290606855326,39.89857456414417,40.18523797311812,155468900,58.23993223580839
2015-08-06,40.60220718383789,41.496948782774936,39.707462271141246,41.44482665820944,129029700,54.35325924804064
2015-08-13,40.489288330078125,41.21898169909918,40.21999558556972,40.88019608379663,120259900,53.75541301788249
2015-08-20,37.3460807800293,40.63386693134758,34.731594614117675,40.28410131163725,329069600,40.42588616561285
2015-08-27,37.91444396972656,38.605229140994375,36.427945289660286,37.80076965829486,200992000,43.17003394037673
2015-09-03,37.66087341308594,38.82384139435905,36.90013694047413,37.95817322264645,131363300,42.235310445440426
2015-09-10,38.73640823364258,38.80636271762778,37.38107179475654,37.704602944154615,134409500,47.43424129353164
2015-09-17,38.36039352416992,39.348478473133255,37.87072570462918,38.727647724437325,167320200,45.8795790049787
2015-09-24,38.70142364501953,39.112397821384526,37.64338729268919,37.99315297499294,152626500,47.55835593245486
2015-10-01,40.92242050170898,41.4033457243912,38.25546850718749,39.1298792159232,159594900,56.92877364765443
2015-10-08,40.8175048828125,41.5694988605922,40.660110639295205,40.712576499005365,126828000,56.41595772150869
2015-10-15,41.27219009399414,41.96297542096546,40.68633312820439,41.10604990854315,138973800,58.174396518349695
2015-10-22,47.20070266723633,47.54172240394077,41.176011757156296,41.56075137422563,354498200,73.30039797114961
2015-10-29,47.56795883178711,47.98767570355066,46.011505013099104,46.8159648523558,180791600,73.92938435106898
2015-11-05,46.91213607788086,48.07510059143404,46.57985907303189,47.64664121008735,188632800,70.7252337937142
2015-11-12,47.0870246887207,47.20069903741811,45.932802590661375,46.76349359616495,165635800,71.08512961637972
2015-11-19,47.26355743408203,48.11745405502597,46.89383107744396,47.527651526647375,139137800,71.4664479095832
2015-11-26,48.60161209106445,49.26184048578924,47.35158127560459,47.36038284330567,152478200,74.23947644124053
2015-12-03,48.39915084838867,49.499531697137314,47.47483160705898,48.848108115211794,182552500,73.0821325129834
2015-12-10,49.411502838134766,49.51713845991574,47.254755691372594,48.76007589461103,195440500,75.16679006394007
2015-12-17,49.13859558105469,49.99249199735438,47.56284976309168,49.61396080403153,218813400,73.51394543453912
2015-12-24,49.56995391845703,50.0453158568594,48.39914717242638,49.1738161713754,81452700,74.46953743505745
2015-12-31,47.5804557800293,49.46430680252183,46.99945496600734,49.332263147300274,154710700,63.15243248903413
2016-01-07,45.45893859863281,47.59807949664352,45.159634837155295,46.39206288043832,245241800,53.768731191122825
2016-01-14,44.7106819152832,47.02588113788629,43.22296464354229,45.77584992490026,231040100,50.89624112443516
2016-01-21,45.08920669555664,46.34804265412976,44.27932464533882,44.89553859174667,178130700,52.28495408307691
2016-01-28,45.916690826416016,48.49598374297334,45.11561372196927,45.652600100638274,304207600,55.263535333824684
2016-02-04,43.75994873046875,46.48889549613869,42.42188509484089,45.863876565573776,253264100,47.024093983286406
2016-02-11,46.14556121826172,46.45366981439607,42.70357068746007,42.853224201718525,161202100,55.01370595799528
2016-02-18,45.53707504272461,46.99113996462789,44.50858985048519,46.39710264891178,147653200,52.825315105250674
2016-02-25,46.9468002319336,46.9556649948592,44.87209734008534,45.8651165158655,156883800,57.084590106567035
2016-03-03,46.84927749633789,46.96453972376717,44.84550595581904,46.96453972376717,157956500,56.70318175282863
2016-03-10,48.18808364868164,48.40973997343585,45.35975016241253,46.92907734753716,147543600,60.59554323520292
2016-03-17,47.851165771484375,48.76438869566053,46.92907470078222,48.06395393721139,163028200,59.15430887333996
2016-03-24,48.80872344970703,49.33183252658347,47.28373019107976,47.73590761851869,83907700,61.9260188558005
2016-03-31,48.87076950073242,49.34954781684838,48.06394087862856,48.72004487281036,110149500,62.105455901209794
2016-04-07,49.07469940185547,49.15449579853354,47.66496531534709,48.64911974697454,108568800,62.7272219848482
2016-04-14,49.28749465942383,50.33371265870121,48.8264491527756,48.95944428473042,139249400,63.40201905459479
2016-04-21,45.1646728515625,49.8549195570068,44.81888966898218,49.47367056539113,275872000,46.01868916477543
2016-04-28,44.21599197387695,45.01395590203128,43.75494652452182,44.88096078660346,175378800,43.090988912372154
2016-05-05,45.26221084594727,45.909446765476105,44.02980249354259,44.21599295350164,115059700,47.088841046917906
2016-05-12,45.0494270324707,46.06904396963179,44.59724629242853,45.39521031473432,119438100,46.37527705393196
2016-05-19,46.53411483764648,46.86446308500916,44.4806146301014,45.06095320012755,132665000,51.857138587728954
2016-05-26,47.18589019775391,47.3198155664194,45.85558030892498,46.3644912604721,105034500,54.076584964716226
2016-06-02,46.46269226074219,47.08767149707106,46.069846417748856,46.998386802816746,106468600,51.25315336076876
2016-06-09,44.36455154418945,46.47162281840725,43.80207325088284,46.42698217056971,205691400,44.06490649314156
2016-06-16,45.52521514892578,45.94484119959307,44.203829209964574,44.21275938036764,175421600,48.37804384732009
2016-06-23,45.123443603515625,46.48054003586145,42.891377775156464,45.78413318142712,282192800,47.02626120777119
2016-06-30,45.8734245300293,46.17698566307135,44.98952483486304,45.28415920187268,102902100,49.843609639139686
2016-07-07,47.775146484375,48.08763781576484,45.59665096074899,45.90913888627587,122919800,56.20415469540657
2016-07-14,49.91792678833008,50.74825566104672,47.25730437043366,48.0697763054092,231233600,62.04472797079673
2016-07-21,50.16791915893555,51.15003033972943,49.78400349644037,49.980426413771696,150951000,62.67020584495324
2016-07-28,50.86433410644531,50.98932928947488,49.74830082101945,49.998291187078586,151310100,64.42879516378846
2016-08-04,51.80179977416992,52.23035613374321,50.59648181987332,50.71255023159,108074000,66.70278597119132
2016-08-11,51.391090393066406,52.230346008806805,51.09645603717707,51.81071649800534,98481300,64.7498289357867
2016-08-18,52.0617790222168,52.26840861989537,51.38798551483804,51.58562927991393,83591100,66.47596869889892
2016-08-25,51.62156677246094,52.73557356784627,51.47782429180712,51.99889292610911,93731500,64.25200706915308
2016-09-01,51.80123519897461,52.27738142676131,51.21727956229667,51.21727956229667,78747700,64.77005377910584
2016-09-08,50.54349136352539,51.91803233762485,49.95953909403437,51.77428987144806,138755700,58.39084080129936
2016-09-15,51.891075134277344,51.97193048081037,50.29193986628026,50.4446681551051,143482400,62.636882087348965
2016-09-22,52.13364028930664,52.16059435575399,50.9208135389802,52.03481670887744,110067700,63.36163289426065
2016-09-29,51.78326797485352,52.25941421193353,51.181347518702594,51.93599626021851,111376100,61.5057632804674
2016-10-06,51.30712890625,52.45706870081067,50.66927189064781,51.873116398237606,103173000,58.977645794498876
2016-10-13,51.68444442749024,52.06177051203071,50.59739190244749,50.93878151663354,118574100,60.367868589863775
2016-10-20,54.4694709777832,55.134278687730834,50.90285606003132,51.65750496530375,248603600,68.77847469287431
2016-10-27,53.391395568847656,54.64914476759167,53.229684859663685,54.45149758367995,135169300,63.188351562480314
2016-11-03,54.05619430541992,54.60421345986636,52.57385095169906,53.48122451291557,154530100,65.07351679181482
2016-11-10,53.58903503417969,54.34368375931374,51.459845478960894,54.33469792838064,201155200,62.645705484443525
2016-11-17,54.62940216064453,55.40723510136945,54.24048396516099,54.63844524531622,124527200,65.71358993786158
2016-11-24,54.502777099609375,55.5429078426398,54.38519974275656,54.5389563402913,86164300,65.01371383393001
2016-12-01,55.5067253112793,55.51577184603461,53.18226271402537,54.36710689929852,134326500,67.93006845037286
2016-12-08,56.69158935546875,57.388024415177206,55.02738175245923,55.44343279065078,134839900,71.00226154786341
2016-12-15,57.46939849853516,57.7045566183628,56.1850632972317,56.70965183796961,147585900,72.84152944845837
2016-12-22,56.971961975097656,57.97591011844428,56.80011229136169,57.7407519331248,60996900,69.79265263836787
2016-12-29,56.34788131713867,57.16189704404899,56.10367659906558,56.85438037502094,77864600,66.05699253029263
2017-01-05,57.15283966064453,57.18901889724997,56.10366595078004,56.2483794469599,105291900,68.40597599853251
2017-01-12,56.52876663208008,57.34278225167887,56.03131417576619,57.03526562319068,80724600,64.66938907675623
2017-01-19,57.596038818359375,57.975910532025935,56.25743783410547,56.293617078333504,120108400,67.89882340896276
2017-01-26,57.505592346191406,59.61298667780129,57.4061011528203,57.99400177715368,184966000,67.33708932703505
2017-02-02,57.28851318359375,57.71361061118597,56.754881490533634,57.20711162193231,134298800,65.92732928252201
2017-02-09,58.36483383178711,58.66330744712944,57.27043747601779,57.451330262566806,103848800,69.35329393918241
2017-02-16,58.56396865844727,59.36471649996299,58.28188837358848,58.909744715445726,81743700,69.95521023796883
2017-02-23,59.09174346923828,59.13723648682159,58.018006202180175,58.618568878601415,108118700,71.55005999668585
2017-03-02,59.137245178222656,59.21914372961994,57.89062315342123,58.86426620564552,101457700,71.68958772859406
2017-03-09,58.91884231567383,59.38291544996294,58.37287759773737,59.31921968190898,98599000,69.91712129412304
2017-03-16,59.17361831665039,59.60129282632762,58.34557343090026,58.91883527488112,131812600,70.82335894775916
2017-03-23,59.574005126953125,59.60130232258949,58.5548658551796,59.09173615786189,94199800,72.23872274522972
2017-03-30,59.65590286254883,60.37475917177769,59.31922815857515,59.52851130823678,91010000,72.53223947355069
2017-04-06,59.35563659667969,60.11088466774782,59.00985351269361,59.69231135657747,86064700,69.6256608375246
2017-04-13,59.182735443115234,59.92888895355639,59.04624250804156,59.41022135413167,76734200,67.93741366535419
2017-04-20,61.721458435058594,62.15822735067941,59.273708628254845,59.56489021944097,141025600,76.8235907041813
2017-04-27,62.8588981628418,63.43216006419959,61.49398292333647,62.012650436655775,159308300,79.55730052971839
2017-05-04,63.06819152832031,63.295677438542,62.258342243316605,62.81340841964306,100280500,80.02419875384491
2017-05-11,61.40300750732422,63.18649643013349,61.35750754274607,62.2037555107325,144538600,66.92704099428477
2017-05-18,62.93551254272461,63.03618064117487,61.4438051471356,61.68174856002826,98419700,71.54306633760021
2017-05-25,63.91472625732422,64.7383710765396,63.063634756598766,63.11854208384253,89191200,74.03660901753742
2017-06-01,66.24839782714844,66.70597759221071,63.557826574306006,64.280803440958,143503600,78.80354096551541
2017-06-08,64.30824279785156,66.36735128237493,62.34980239780716,66.35820471623069,172306700,67.67832342205281
2017-06-15,64.30824279785156,64.92140485298108,62.962964452936674,63.393083471396736,139615400,67.67832342205281
2017-06-22,63.87810516357422,65.6260553370047,62.95379255823344,64.55532091280045,121211300,65.30767380749327
2017-06-29,63.21921920776367,63.69509907015444,62.24914540109692,63.49376286533469,90421600,61.740102861665065
2017-07-06,65.11360168457031,65.23256990941381,62.34066943736424,62.4779377806017,88221300,67.27522461579878
2017-07-13,67.59368133544922,67.75841032499422,65.26002181391405,65.43390435346512,116793300,72.81927386472
2017-07-20,67.7675552368164,68.0695525273932,66.9256032964011,67.88652344327926,148743800,73.1625511665462
2017-07-27,66.12940216064453,68.10614229474395,65.37897193662647,67.50214088619782,127382500,64.85229944978059
2017-08-03,66.32160186767578,66.92560343216664,65.66268599214973,66.06535835655166,103757100,65.34959726087479
2017-08-10,67.40149688720703,67.81331585907142,65.23256641284321,65.79996780222572,103606600,68.08213960770854
2017-08-17,66.90496063232422,67.96300251247392,65.9665208008027,67.69619146309276,87584000,65.52349607152865
2017-08-24,68.09181213378906,68.27581637962021,66.28854385125814,66.923363412894,72838500,68.56456437859296
2017-08-31,67.53057098388672,68.96582335003501,67.1441579652022,68.11019051191352,87480800,65.61704006255302
2017-09-07,69.19586181640625,69.2234617554058,67.7146042560506,67.78820877292478,77861100,69.76969187320209
2017-09-14,68.94744110107422,69.89507624727368,68.14700793889708,69.00264096766863,115300500,68.44172991173316
2017-09-21,67.94459533691406,69.2234436510588,67.08896235514064,69.10384160690317,95031400,63.211220077569116
2017-09-28,68.71743774414062,69.01184875483082,67.44778455734803,67.6593957615842,68775800,65.40540287436093
2017-10-05,70.30908203125,70.50228856370809,68.96583160131931,69.20504269740066,75875000,69.44698368044315
2017-10-12,71.40391540527344,71.64312646563405,70.26307399474638,70.3734737000591,74717000,71.88051555536111
2017-10-19,72.34237670898438,72.99560096214587,71.16473258952067,71.3671414886746,96514400,73.80640387599928
2017-10-26,76.5285415649414,79.30704526507316,72.45278463727219,72.86679774176007,184338100,80.2908881427407
2017-11-02,77.79817962646484,78.11099526606124,76.47333362030884,76.68493780007486,97461200,81.76532641942353
2017-11-09,76.34452056884766,77.5313597467544,76.07770953046739,77.3841577713822,92957500,74.86010974477658
2017-11-16,76.84814453125,77.57862346387444,76.04369144111739,76.83889599792049,101147400,75.62804912704038
2017-11-23,77.06079864501953,78.65120749505604,76.5429937374031,76.75566764135286,74997900,75.9619479742354
2017-11-30,76.54300689697266,78.42005706435474,74.61972111722035,77.21800874293253,153996000,73.32768797507595
2017-12-07,78.91938018798828,79.56664355510591,75.82178431294552,76.32109934887123,116518300,77.23036670388646
2017-12-14,79.07657623291016,80.90739817563613,78.16116878882981,78.99336058097798,142726200,77.46525770019026
2017-12-21,79.25225067138672,79.61286588221695,78.52177171610995,79.56663732326373,56705700,77.74160537449012
2017-12-28,79.8440170288086,79.99196532467292,79.05806110707775,79.4279247921755,77856900,78.68963202802144
2018-01-04,81.20325469970703,82.04469468386463,80.0474351970042,80.06592520503999,105568600,80.72079870059164
2018-01-11,83.34844970703125,83.94947721819223,80.66694723347133,81.48989009867752,104301300,83.40858160331412
2018-01-18,84.9018783569336,86.39057446267277,82.90462589526372,83.03407711710517,141326600,85.03553651165404
2018-01-25,87.85153198242188,88.25837565603976,85.0035909942842,85.50290587307944,174516700,87.53500901240366
2018-02-01,82.85841369628906,88.83168981472546,78.82691350849808,87.64813142098214,255233400,67.10287034651282
2018-02-08,83.9679946899414,84.1344330235559,77.51390086830416,82.95087467543698,216216700,68.84329568357141
2018-02-15,84.994140625,86.86143112901449,84.18591580196085,84.73402196527697,116255000,70.40278717479538
2018-02-22,87.1122817993164,89.03531052060794,84.8733966435856,85.51440857991739,137958200,73.36621800122495
2018-03-01,87.19587707519531,87.85546574438985,84.40887910455247,87.31664443568366,142759500,73.47907905373023
2018-03-08,87.18657684326172,90.33588368492026,86.86142852834301,87.57675482116416,156418600,73.44179258529225
2018-03-15,85.91387939453125,88.60797235326335,85.5701470178919,86.88932464547442,157568700,68.33173195394835
2018-03-22,83.0432357788086,88.38498104101345,80.89724995023069,84.78975167818314,248140500,58.45247116903632
2018-03-29,85.77449035644531,86.17396026111463,81.29671488647112,83.77714083309877,167156700,63.81315644249306
2018-04-05,85.33786010742188,86.66632913840193,83.12684474362116,85.87668130045174,151015900,62.426463935009
2018-04-12,89.59268951416016,89.85280816889713,85.86740055472971,85.86740055472971,118207400,69.4038105660399
2018-04-19,85.75591278076172,90.1779509004325,83.87004556305395,89.59268396353396,145292800,58.80015193801338
2018-04-26,86.8707046508789,90.94900998382178,86.20182418929095,86.90786546404495,191205300,60.67989726666696
2018-05-03,90.05720520019531,90.08507404850204,85.88599274027932,86.35978442460289,128727800,65.52215988324765
2018-05-10,90.25228118896484,91.68294092624146,89.4997869548668,90.5402686968049,100599200,65.7998346424749
2018-05-17,92.05235290527344,92.11766444360754,89.41188749269344,90.27960199823151,91227400,68.33413661135324
2018-05-24,92.32292175292967,92.60283240606051,90.32624664130564,92.1176620081805,95842700,68.70946875479468
2018-05-31,95.6258316040039,95.7284650322512,92.00569332990112,92.64015128705556,134715400,72.92789165782982
2018-06-07,94.09567260742188,95.81244418423503,93.6571492394744,95.77512228925828,121706300,68.33184082553325
2018-06-14,95.04734802246094,95.6538091437521,92.761430367913,94.84208119193424,169850300,69.61445254527158
2018-06-21,91.00733184814452,95.59781679637864,90.78340766292912,95.2432695765858,155750200,58.73835484276016
2018-06-28,92.41620635986328,93.89038168231846,90.74608935938952,90.8580478972038,88938700,61.02517371755705
2018-07-05,95.14999389648438,95.64449653381747,92.3975629461313,92.83608630178092,95361700,65.07050977871924
2018-07-12,98.07966613769533,99.36723906720204,95.84973523890037,95.88705000344724,126153600,68.80702053932903
2018-07-19,103.40726470947266,103.7058327199657,96.9320625287776,97.90241034248572,182901300,74.20988846603841
2018-07-26,99.16199493408205,103.56587847296102,97.7437986492611,103.3232897374335,154329600,64.60692943223222
2018-08-02,102.1570053100586,102.39959404080795,97.81843338715072,98.34093273941266,96597500,67.7751268440013
2018-08-09,100.44957733154295,102.78214220974054,99.66583183088858,102.36227626061113,97104500,64.24444703507498
2018-08-16,100.27416229248048,101.960074885932,99.07529429083358,101.43557192166573,98242500,63.87628689045805
2018-08-23,104.91976928710938,104.9291374522328,100.09620039189814,100.35845184882425,95033500,68.95097614168945
2018-08-30,101.61351776123048,105.6316032327872,101.2482379134359,104.59195839035144,101528400,62.24865619785983
2018-09-06,104.6294403076172,104.7605660609282,100.43340191002954,101.38874770498371,109897000,65.53927880039177
2018-09-13,104.62003326416016,106.52137027227272,104.00187024909012,105.01341752373015,109813700,65.52009485947417
2018-09-20,106.75555419921876,107.9825195549694,104.83548747299524,105.16330182615566,164298700,67.82270824432311
2018-09-27,107.87012481689452,108.81610951979164,106.47456817803835,107.50484493924638,97057400,68.98680715348765
2018-10-04,99.43121337890624,107.48611403678753,99.08466269336486,107.34562012936172,181106100,53.27217149246339
2018-10-11,103.69281768798828,104.72309446675578,97.5954419293136,98.6725523940412,201872900,58.42284916971547
2018-10-18,95.83460998535156,103.83331658675031,95.15087672490992,103.1214859717101,199505500,47.9312321052168
2018-10-25,100.04000854492188,102.34408433423307,93.7646806985243,99.79649339390586,288745200,52.81476545111721
2018-11-01,104.86356353759766,105.125814966888,98.32598555034969,100.26478106924952,161228400,57.71369658114622
2018-11-08,98.316650390625,105.09775290108882,97.84834206802188,104.7137437923796,166174800,50.10925708903577
2018-11-15,96.9917221069336,102.41934219857824,93.45482869058218,98.76016522676622,208964300,48.71047157560704
2018-11-22,104.52644348144533,104.7239817904062,95.94759693646036,96.10750787561626,122072300,56.198708654021814
2018-11-29,102.08071899414062,106.68996792804263,101.78911583668972,103.78332346049244,141718600,53.4698271489772
2018-12-06,102.60750579833984,104.66755256768133,97.72546329136604,99.5409428859744,213518700,53.98807886324786
2018-12-13,97.53733825683594,104.2912981561604,95.3361833421333,103.0778421557083,252851200,48.400449591822905
2018-12-20,94.59305572509766,98.12054148067784,88.38468223061419,96.93531143401836,277146300,45.458172709182776
2018-12-27,95.11981201171876,96.33326772025366,90.67988304995316,93.40780623510778,156197900,46.08959752514288
2019-01-03,98.08289337158205,98.65669817399824,91.43240858660268,94.16033176294933,186091000,49.622617505928666
2019-01-10,99.12704467773438,99.95483254648336,95.2515184801832,97.09521673297031,148260400,50.84510612658538
2019-01-17,100.37811279296876,101.49750366835266,98.543823454613,98.76958048625218,124066200,52.3375159618872
2019-01-24,100.06768798828124,101.47868193317534,96.10749917748088,100.51920920838934,164829500,51.916318859383054
2019-01-31,99.73846435546876,100.90488408724548,96.27682535243638,97.6407905655542,170422400,51.44347059585326
2019-02-07,100.4721908569336,101.38463491653091,98.07350503523004,98.94832172181752,113587400,52.48219928173102
2019-02-14,100.7920150756836,102.21241783734382,99.39042958796408,100.0018546339799,88037800,52.95462469373658
2019-02-21,105.9647445678711,106.97555179084152,100.95794533180678,100.98628457614512,123600800,59.89889151611008
2019-02-28,105.56800079345705,106.98502093833564,104.67055758463545,105.84195888634736,116418400,59.17738498196029
2019-03-07,108.16586303710938,108.63820305037189,102.78118976885168,105.23735639634928,136295500,62.37338866602441
2019-03-14,111.01878356933594,112.18074306877082,108.0052594565191,108.20364137938144,182354100,65.56200689472203
2019-03-21,110.31028747558594,114.13624460292934,109.12943740015118,110.65982169255592,139377100,64.10902874459964
2019-03-28,113.33328247070312,113.76783448909391,109.70570682775276,110.94324276588478,107526700,67.42614473621879
2019-04-04,113.54109191894533,113.69223697167962,111.83121621174304,113.4560669708214,85144400,67.6475030289971
2019-04-11,115.03369140625,115.10926754322284,113.28603468094124,113.87173893147516,83119500,69.26315778810195
2019-04-18,118.09445190429688,118.8879796655132,114.58968987758492,115.43045452297028,98922200,72.31622783442677
2019-04-25,120.80567932128906,124.1026105991888,120.63563662804668,122.8650820695194,129001200,74.71234152930667
2019-05-02,118.56678771972656,122.26992434832589,117.34814966613489,120.9001484512856,140937800,69.3725806591124
2019-05-09,119.04859924316406,120.85294193940668,116.23345619789832,117.41430648371004,142084800,69.87161915930541
2019-05-16,121.05374908447266,123.69917086863823,119.24273487743368,120.18142802941706,110279400,71.92204230477572
2019-05-23,118.4652099609375,121.36662861129146,117.6118494067114,119.65990750283926,83618700,65.70532844641578
2019-05-30,119.30908966064452,119.3470176011016,112.84252411002294,118.76862916865764,135768700,66.71540126077076
2019-06-06,124.67578887939452,127.2832754190172,119.09102014468996,119.88749252211748,122827900,72.3024106996045
2019-06-13,128.65809631347656,128.88564945765052,124.74212198649938,125.14035445683176,99219200,75.57826652048004
2019-06-20,126.98934173583984,131.2276941857623,125.85153220193514,130.3269289075891,147384400,71.74878709571
2019-06-27,130.3363800048828,130.60186833251913,126.25921716185552,127.1884263085826,98081100,74.53572343027489
2019-07-04,130.7061767578125,131.39834176594837,128.35468789319174,128.89515561008568,79078300,74.83114386092066
2019-07-11,129.20806884765625,132.30859686088522,129.16065710955138,131.038043300649,100853300,71.2260803771315
2019-07-18,133.42747497558594,133.44644256754182,127.69100095776258,128.52540138741938,143222000,74.89459813822037
2019-07-25,129.20806884765625,134.33769482670598,128.0797360337035,133.15247371423985,109445700,65.85287831676833
2019-08-01,128.26939392089844,133.63607965330505,124.00259707101276,129.90025965207525,180209900,64.00173157881507
2019-08-08,127.03673553466795,132.15689941598575,126.74280301396874,129.52096882206018,129129400,61.55470038030102
2019-08-15,132.0356903076172,132.7016359769752,125.81396993933754,127.84982490250904,113020300,67.05578257621849
2019-08-22,128.962890625,132.4257473055587,126.33721287255808,131.91203310998506,118013600,61.253785047229506
2019-08-29,130.93209838867188,132.40665442304115,129.09601628582487,130.57058683639846,80974000,63.437135689861925
2019-09-05,129.49559020996094,133.5482826775509,127.96394176186642,132.34008433248104,126329700,60.74791271968605
2019-09-12,131.77882385253906,131.92151818299038,129.05800732766835,131.14143164950897,108900800,63.40343817150132
2019-09-19,132.5779266357422,135.44143717788867,129.4099822003167,133.4721830519905,143233900,64.31341365327987
2019-09-26,128.09713745117188,133.5292618331133,127.0792174594162,132.6540361573304,109203500,55.91740353363891
2019-10-03,131.512451171875,131.95005679522282,126.73674920044192,128.38255337871783,107634700,60.18407298172389
2019-10-10,133.5768280029297,134.88965922468222,131.52194280861255,131.75026822449448,96852200,62.54393718701854
2019-10-17,130.56114196777344,134.53771290425678,129.01046220680792,134.0905845623368,131087900,57.20959482927896
2019-10-24,137.57241821289062,138.58082998814834,131.92149160611598,132.6064532867072,137355200,64.73936091511348
2019-10-31,137.04917907714844,137.96246613999554,136.01222846048438,137.8482961845113,109471500,63.83655918871903
2019-11-07,140.14105224609375,140.3884084524127,136.7638126059105,136.8399210912233,84442800,66.78420164094962
2019-11-14,142.33865356445312,143.9654418359498,139.84616198915384,139.86519274239905,114382000,68.73484368858973
2019-11-21,145.4003448486328,145.57216073538706,141.75387455216378,142.61298311714668,96703300,71.26657416555554
2019-11-28,143.0425262451172,145.38122319870487,139.98788619530123,145.1903118369922,81036400,66.78172178410193
2019-12-05,144.8084716796875,145.29531239285555,142.68932210576403,143.23343476975114,86292700,68.38639944111975
2019-12-12,147.35720825195312,148.817701585356,144.1594022393678,144.76077242243556,122156500,70.5942766120415
2019-12-19,150.2304229736328,151.28999760840472,146.76532479075158,147.00396759528937,105143800,72.89262678657315
2019-12-26,150.53591918945312,152.30188225025285,149.34270484177895,150.40227976513782,67651200,73.13307674188276
2020-01-02,152.81735229492188,153.49510448810574,149.39998447964595,151.5668659247768,113932600,74.92209628084366
2020-01-09,155.76693725585938,156.49242076357814,153.71461479351214,154.48781521360016,108632700,77.04984629410995
2020-01-16,158.17247009277344,160.54935800256234,156.57833768301245,156.88380750710223,111893100,78.64145429075901
2020-01-23,160.40618896484375,161.08394114088054,152.92235187662158,158.6402404235513,136331400,80.02662672307612
2020-01-30,171.72738647460938,175.83204634656084,161.87621734752926,166.14315260719002,193466800,85.24841611334367
2020-02-06,176.3189239501953,182.0367984248211,171.8801573386687,172.7488209771386,197347600,86.76023154023021
2020-02-13,178.77212524414062,179.63123365203245,174.35245513421833,174.76292839797338,116235000,87.49748567247815
2020-02-20,162.88311767578125,179.23173363679348,156.24029434324817,178.94457707036955,278025500,63.020134395867984
2020-02-27,163.24684143066406,167.50628401745882,145.49117240373565,156.32644304333738,382709800,63.27341907688164
2020-03-05,147.05140686035156,163.55316262191238,143.57684259580768,158.93956767463743,312783700,47.63005096479854
2020-03-12,134.38787841796875,154.97680080270482,129.21911948088817,139.07806262902596,436512700,39.42271361326743
2020-03-19,140.62869262695312,147.72139028792844,126.8453252111023,136.65640687044683,407919000,44.498433927113986
2020-03-26,145.59645080566406,157.7239030291253,142.01659725485607,142.04531144706303,320927800,48.217826509222306
2020-04-02,158.05894470214844,162.7204009255255,143.92140930869803,145.35717755215856,269072900,56.1557765357077
2020-04-09,164.5198974609375,166.30981715021082,155.3501227684403,159.2362663747714,187105500,59.61240255139373
2020-04-16,166.08966064453125,172.29217484960833,158.9969626079291,166.83625890044846,230738700,60.42868922211754
2020-04-23,169.8321990966797,170.07149375669667,162.13648925690322,166.65437360645512,185942100,62.38087092627651
2020-04-30,174.72340393066406,176.31232417307075,166.35767093933512,172.29217631350016,192597800,64.82333785697631
2020-05-07,172.05288696289062,179.480589092055,168.9803366302558,176.2836154487751,166836200,62.43967534559215
2020-05-14,177.70977783203125,179.04982199557242,168.15712513269514,169.93747786733465,181809200,65.34655427141212
2020-05-21,174.5093536376953,179.17419922693705,169.508571208277,177.9551924193887,125537100,62.40400012772242
2020-05-28,177.91677856445312,178.47349013654497,173.13675701616333,173.48230162483878,156668600,64.24979623870794
2020-06-04,188.93582153320312,190.5483681965117,174.70132330409567,176.89937580258368,175523200,69.46983268624692
2020-06-11,186.4402008056641,188.43667912161857,176.6209810332352,185.37477282566107,197243000,67.08085021525793
2020-06-18,189.89566040039065,195.7603117470672,186.2098604912892,186.2098604912892,167979600,68.68653311430823
2020-06-25,196.4801788330078,198.063931147309,185.77791782944692,189.85725721630303,175552800,71.53568016543713
2020-07-02,204.28375244140625,206.0498632018672,196.76816656578023,197.420853941837,128414100,74.4972679869891
2020-07-09,199.68605041503903,207.6911649598471,193.9173900381108,207.6431698039326,167206100,69.8837523738745
2020-07-16,203.2470550537109,205.34911666776648,193.303066319786,197.15203715471384,186056900,71.36298279603623
2020-07-23,195.8658447265625,202.45037785626337,189.57886101567752,198.87016236698736,180328900,64.3117504447961
2020-07-30,204.3892822265625,208.90054827194817,191.01864124546933,192.9287369987867,233193100,68.21708017428445
2020-08-06,200.7898712158203,207.6815476242302,194.98280912183697,203.81337550103527,161653300,64.98312216055766
2020-08-13,201.2793731689453,203.8325628567288,199.17731153299064,201.0298188908104,109696400,65.22456895490731
2020-08-20,212.78271484375,213.6871519993567,201.00582846069904,201.6119822306415,151335400,70.39131804331532
2020-08-27,222.8854522705078,224.04967804549813,211.09893441057724,214.4568945800821,172475600,74.03936110095799
2020-09-03,203.2958221435547,220.6340383393368,194.54974643001705,220.59555820188143,216667700,58.8883360157548
2020-09-10,197.29185485839844,206.61523221413972,193.62601006857324,205.3259204877021,147609400,55.16252954823781
2020-09-17,193.0006103515625,200.22647652123064,188.82481914846844,192.4810478822865,193397200,52.600914134410154
2020-09-24,202.3721160888672,204.52737044039057,191.6632175931433,192.28863349712583,150695700,57.26788356396939
2020-10-01,201.8910522460937,205.8936615458215,197.0706116327126,205.41257912080047,135880200,56.95785859884811
2020-10-08,212.5036773681641,216.6890993142677,200.43813956090568,202.54526773445093,139217700,61.862853096730085
2020-10-15,206.67300415039065,213.88924022630184,205.02769586523613,208.88598614996403,121895200,57.95518631802778
2020-10-22,195.0115509033203,208.15472534458965,194.4535082496404,205.83590469719385,166238600,51.014535853304615
2020-10-29,208.2028350830078,210.05982073319336,192.0673276948251,196.34897268891544,169052300,57.25118148367352
2020-11-05,208.35679626464844,219.48903568089148,201.78520873315296,213.63907176978967,179192900,57.31948174530364
2020-11-12,203.09375,210.8199322552386,202.9494164695161,208.99182498753555,117695200,54.13535826235682
2020-11-19,206.31692504882807,207.68677431464604,200.808588648384,203.91487174407925,128311900,55.75631104827779
2020-11-26,207.7639312744141,209.64507633338783,203.3939151329228,207.26230633059964,102206000,56.49959852466853
2020-12-03,204.32003784179688,209.28815367113225,203.7508779156996,207.0307970449822,130131600,54.16718402988511
2020-12-10,211.535888671875,212.336578091379,201.72505497780668,204.2911177362304,148535000,58.07271129984199
2020-12-17,213.2144012451172,217.66159381083648,208.3909826150488,212.10500612825817,174364400,58.94900276269456
2020-12-24,213.85113525390625,219.15689708518127,213.38809107020592,213.60032272104965,66159600,59.296539933863784
2020-12-31,204.75411987304688,215.1244698783956,204.4550702745892,213.8703780965584,117825900,52.46285381899007
2021-01-07,208.69967651367188,212.78994086524128,205.7863422209053,206.48090097050968,117018400,54.8910428788686
2021-01-14,216.41717529296875,217.8159639568028,204.541919239734,208.2848973558453,129485500,59.27315176710231
2021-01-21,224.67486572265625,231.9485902901672,214.56498296368383,216.7644609929277,213074400,63.373175386536865
2021-01-28,234.41818237304688,236.4343681454528,223.17962108139685,227.289169102844,178002900,67.52710783239567
2021-02-04,234.24452209472656,237.23503297528765,231.8810350621445,234.09016915743263,111314500,67.38042736644704
2021-02-11,235.57579040527344,237.43763786783185,232.43092639109616,236.13530879796275,80694200,67.95507701898137
2021-02-18,226.78770446777344,235.8572686847237,221.16030696672144,233.7977698525457,135203500,60.39170353936535
2021-02-25,220.029037475586,229.611075577832,219.73896284284643,224.39945494845057,159527400,55.29455336904712
2021-03-04,224.72817993164065,229.1566089983526,216.83822732141647,219.2361636416933,184695300,57.95184568323524
2021-03-11,229.1952972412109,232.1153562882127,224.1383850774621,227.18414657385205,136250500,60.36377516702901
2021-03-18,227.66763305664065,233.07263262665,221.7598383685016,224.8635975457353,168649200,59.11495400973593
2021-03-25,227.96731567382807,231.1871127848177,223.45186872347784,227.51286890491983,153184800,59.292869060326225
2021-04-01,241.62969970703125,242.6256112789347,230.17187738099943,230.57797595610305,112900300,66.45885159373017
2021-04-08,247.13137817382807,250.61224394535017,243.6601908999372,244.40471228097533,122009100,68.83780884755224
2021-04-15,251.95623779296875,252.8264764028941,248.34002044170168,249.39394396098496,117468700,70.79418432357078
2021-04-22,246.135498046875,254.47989846465504,244.5787793719644,251.59850902664564,144749400,65.455337365186
2021-04-29,238.313217163086,247.6245225290653,237.626707716293,247.00570355404145,145818100,59.014417145255045
2021-05-06,231.0904235839844,245.8840812662729,230.19120851546435,238.2938668913847,153149900,53.75455231633126
2021-05-13,235.0740966796875,240.93354255241744,230.70369376865224,233.7977888949013,124403400,56.07967147139295
2021-05-20,243.72862243652344,245.1338701641189,236.3340916851915,236.4310114406996,100551200,60.70228694546626
2021-05-27,239.6679229736328,244.30040322075524,238.25297444018344,243.41848375086136,85316400,57.63703566954022
2021-06-03,245.7637939453125,248.10912179730764,235.50062222934648,237.6521105784226,114060600,60.834354316492735
2021-06-10,249.43685913085932,252.53808442711684,245.8413489727071,246.4422100799176,107972700,62.66294776339491
2021-06-17,257.0832824707031,258.59513571313266,248.1090827523332,248.1672286789073,135676600,66.20074827477006
2021-06-24,262.5395812988281,263.26643508402736,256.58908702338994,257.94587484061066,108242300,68.49478444144566
2021-07-01,271.2908630371094,272.0274175708418,261.2796779348488,261.2893492058306,98008900,71.8006860178937
2021-07-08,273.791259765625,274.90576285138275,266.3870292501863,268.35437873832467,116700800,72.68268368288577
2021-07-15,272.71551513671875,275.3322004099488,265.9800216124111,273.297004039187,132350600,71.64444698696963
2021-07-22,277.38677978515625,281.1954864033692,274.21770802718413,275.08022577949384,136499300,73.4199874411038
2021-07-29,277.6678466796875,279.712714464842,274.98331443897433,277.40616038863965,89450800,73.52739849508859
2021-08-05,278.0942687988281,282.5522816674277,276.39827664097857,278.0264220143327,79179600,73.7010374348934
2021-08-12,281.7575378417969,285.72130922555067,277.5030072749772,277.7840656125497,97206200,75.20562492032629
2021-08-19,293.2497863769531,296.9686788236476,280.2676066968199,280.3161445238307,131680200,79.22176117914282
2021-08-26,293.0749816894531,296.3375355546533,288.22001374843177,292.25935063124626,101889000,79.0121175247678
2021-09-02,291.501953125,294.56057675276963,288.8414403919211,293.4342503584864,63260700,77.03650390380339
2021-09-09,295.9783020019531,296.4637988441718,285.54980968108094,292.09432726420386,113423000,78.67088436245255
2021-09-16,289.91925048828125,296.4540479585796,281.12205101162635,294.9490197603995,148192400,71.27611591775369
2021-09-23,275.7621765136719,292.1719620769194,274.54843453958,290.1814370923577,126715200,57.64260560804139
2021-09-30,284.6079406738281,285.1128763474515,272.1209762887225,277.42259343514155,146776200,62.472718768983526
2021-10-07,287.7150573730469,289.326910003125,283.86993173408064,286.6178300693143,98805200,64.02453872400115
2021-10-14,298.4931945800781,300.7167785820507,289.1910577881268,290.5310339147969,109596200,68.8383158396925
2021-10-21,313.79595947265625,316.6409631077173,297.4735326701949,298.26006460942443,132617900,74.13094082299813
2021-10-28,324.3118591308594,325.18574743557576,312.03848592703883,314.92233807526384,136124300,77.01943864917308
2021-11-04,321.2046813964844,328.96294066095754,319.9521209473566,323.23408416248776,114267600,74.37682665563275
2021-11-11,329.2833557128906,332.26431327463087,320.923114765666,321.6416405709213,97344000,76.6227039151076
2021-11-18,328.708740234375,340.14852583796414,324.4771844627138,328.97137746795613,127546900,76.11169742712552
2021-11-25,321.0919189453125,330.04141511002234,319.1852979957577,325.2456659793601,129003900,69.49552368467032
2021-12-02,325.8487854003906,326.65617148119134,309.3700583499197,321.30593619692377,158360800,71.1804267336868
2021-12-09,325.5375061035156,334.4286390145245,315.284500997874,325.3040507806035,169029100,70.90443333531479
2021-12-16,324.1269836425781,327.59004255064616,308.6112898960992,326.5686162142162,160683700,69.58773805296714
2021-12-23,332.6387634277344,334.9247495224456,323.6698214906888,323.6892662064443,70268300,72.86268198653018
2021-12-30,307.7649841308594,333.78658220419493,307.3758820596032,332.5998015905831,135589000,54.42013678096473
2022-01-06,309.603515625,314.60356797191446,296.39331130148423,304.62293767865776,180414600,55.320337931937374
2022-01-13,295.0702819824219,312.1424116132852,293.52358139711515,311.7435723901686,173479500,47.35807598025873
2022-01-20,288.630615234375,303.1638032646103,268.533180906344,300.65406940631453,342374100,44.31450548460499
2022-01-27,304.92449951171875,306.53930139921533,286.4321605659061,294.41859457240975,227255900,52.612920923029556
2022-02-03,302.7357788085937,303.4361744780052,291.733751196256,301.0626130253658,171065700,51.50263973121726
2022-02-10,291.3446350097656,300.70267830262947,283.4165649025768,295.76101942532983,177961700,46.055329213178446
2022-02-17,273.2019958496094,289.3151325924635,273.03629965616943,288.8862263596059,146272900,38.98323095162813
2022-02-24,292.61962890625,293.86734790006096,264.67263326438695,265.6376870726082,187254700,48.158637433036674
2022-03-03,281.22442626953125,295.4854825242605,263.1909708588334,295.2515445139575,186192200,43.97905895447041
2022-03-10,286.9659423828125,287.1413959147173,268.8642426420314,275.8826516499603,160569400,46.498551360771
2022-03-17,291.93731689453125,297.30837275446294,282.0725323680587,285.8936891332238,155873500,48.65193454224029
2022-03-24,305.94488525390625,307.98220462024,290.7968032545446,291.5961311664301,135186200,54.240587799613046
2022-03-31,291.9470520019531,307.192648562483,289.2274033550409,305.9838993038721,148089300,48.55354177750381
2022-04-07,280.3666687011719,295.9924159834642,273.41647138960195,289.17870236989233,143216300,44.405475538806265
2022-04-14,279.138427734375,282.39422425874454,271.3206904867113,280.8248105091679,94204000,43.97634519146488
2022-04-21,276.0776062011719,285.9033902256641,263.1909941142516,281.30242054604435,204535400,42.864636600739665
2022-04-28,282.6671142578125,283.6418956342817,269.2541129982467,277.99790313509425,165449500,46.0279375495732
2022-05-05,253.9793243408203,279.1287065150394,252.7608473870686,278.3391358288461,217079000,36.5424100722034
2022-05-12,247.6725006103516,261.5631229697682,243.71488985561984,251.19146263777304,178694600,34.84241931985076
2022-05-19,256.4956359863281,258.5083603731719,240.7846556605972,248.0734539723448,162658800,39.110096777658754
2022-05-26,266.16845703125,271.31750913902687,255.430637773838,256.25135768481306,115032800,43.48067127452848
2022-06-02,264.2046203613281,268.34731107187065,255.59679510031825,258.3813991105593,134700500,42.80883484923976
2022-06-09,245.9825592041016,266.4517917155712,235.9677781155455,261.6349334310703,165761500,37.08322649362222
2022-06-16,247.32113647460932,251.26843424817747,237.44314179804496,240.3352068891193,132122200,37.74196682916146
2022-06-23,254.2875366210937,262.14301241586566,247.8096777638899,249.7051608321813,131765000,41.19283005893542
2022-06-30,260.1009521484375,261.8401031652253,247.096395034856,251.1511540541768,101334000,43.983178545836466
2022-07-07,246.92059326171875,262.88562005088346,242.41638275148367,259.0360326197919,125339800,39.4166287685283
2022-07-14,256.2514038085937,258.79174483824187,240.29615860857805,244.819913901066,123652800,43.86036230679177
2022-07-21,262.57293701171875,263.85287270769817,243.8428674348228,253.82833976606395,150684000,46.712108336693916
2022-07-28,275.98785400390625,276.99421627776303,261.7228901651272,263.5597525253142,133424800,52.254805568975684
2022-08-04,282.5242919921875,283.1593696760918,271.2393262142193,275.33317549562656,101705500,54.725851124270726
2022-08-11,284.6347351074219,287.42908891933536,279.93511837483686,284.1755195726436,97127600,55.5261876429249
2022-08-18,270.0331115722656,285.81661461862365,269.3672833219495,284.1325170547378,98481700,49.06376456572673
2022-08-25,256.01202392578125,274.4881229767888,255.2189344188305,271.5409447592633,112030100,43.79306661756068
2022-09-01,252.7025604248047,259.2137406654013,246.6809430576446,253.4662773121438,91573700,42.62901266502347
2022-09-08,246.955078125,261.8671728628084,244.6443409420498,252.13466129513068,118418600,40.61014867562936
2022-09-15,233.96209716796875,246.1522098817031,233.91313789195507,244.5562450536259,153435500,36.411962300915455
2022-09-22,236.037841796875,238.7695959507664,229.6049787185884,232.9046275764288,148979800,37.52317171868259
2022-09-29,243.99810791015625,245.3493060820525,227.8719073309316,233.903324893856,147294900,41.728636658257706
2022-10-06,221.03761291503903,245.1143087826665,219.2849845956559,242.7546124079637,140131000,34.51243050956202
2022-10-13,231.5436553955078,238.8381393148531,214.5558324343847,215.260804176362,147208000,39.65476483864785
2022-10-20,226.49139404296875,245.7997416549484,225.2576859360683,230.84850099602912,190340600,38.105175080471106
2022-10-27,215.50558471679688,231.6611596791837,215.44682462164948,226.21720792990732,178428900,34.910623560820625
2022-11-03,219.8235015869141,226.81445836195047,208.9747872326064,215.49576786334603,162966400,37.14120899642845
2022-11-10,236.68408203125,242.81341927143933,230.0945693973185,230.51558633169253,167494900,45.05874831380657
2022-11-17,243.0950927734375,243.78240928452703,233.3253399123849,233.47261667105545,116305900,47.75350779609504
2022-11-24,250.5181427001953,250.7047032506518,233.8948365498046,242.8299812172941,99529500,50.76470085539823
2022-12-01,239.9432373046875,251.4803862782269,237.8223770502004,249.27114498542144,113950500,46.64064268920852
2022-12-08,252.5605010986328,259.1391436316559,238.65700368984355,240.40475806944343,151494400,51.68407950436137
2022-12-15,240.0021514892578,249.59517245931568,234.1010278329948,249.12387183841423,200200200,46.92948134271429
2022-12-22,230.2815093994141,237.6063787770655,229.6334616430044,236.8895918726832,84004400,43.58705656980581
2022-12-29,224.94989013671875,241.2982716208244,221.8667714160164,231.3812257769257,118072600,41.827408942309084
2023-01-05,231.49905395507807,231.67578608133303,215.3765024295576,223.0842914662416,166272200,44.77659876502548
2023-01-12,231.538330078125,237.9893225729308,229.3290885359112,230.9982902602193,108462800,44.794674365597345
2023-01-19,236.25135803222656,240.72875137875675,226.50123187844235,229.5450814690909,202707800,47.035017321522886
2023-01-26,248.17144775390625,250.55742124700228,237.61618340829008,239.23628775675945,143621800,52.30676377561221
2023-02-02,261.8982238769531,271.7465302451499,250.1646849296248,254.1315091293096,197063100,57.546966816530905
2023-02-09,264.4413452148437,269.9889909366981,255.93821527390028,268.84017199887205,178794800,58.457646471216314
2023-02-16,247.5724639892578,262.5640255620137,246.42078280013976,259.88660749127786,110492200,50.69009877877426
2023-02-23,242.4144897460937,252.8190018210868,241.9419936389572,251.55904224186173,125456300,48.565166676239926
2023-03-02,249.7281646728516,256.04765375136685,241.7648222921905,242.6901084069092,118491500,51.65954775433838
2023-03-09,261.2843933105469,262.3081199500826,241.8829575849109,251.8150045043152,167975300,56.1486976954208
2023-03-16,268.027099609375,278.894238312821,259.158148457485,261.05792561758466,237194800,58.5664318103632
2023-03-23,276.11846923828125,277.053578434974,267.7908936242636,273.5886968109537,138588700,61.32230428267877
2023-03-30,279.8885192871094,285.9028799696013,277.0733083581466,279.7802558082159,130591800,62.57146792087418
2023-04-06,279.0517883300781,287.5073032421053,277.23077519590703,278.7761730957327,107553300,62.09215528169479
2023-04-13,283.9341735839844,287.1923513672801,278.7368359986835,279.15024385262046,106358900,63.83309898136589
2023-04-20,290.74578857421875,294.8800468988335,271.0589013899693,280.7842284653575,181903200,66.16758543509499
2023-04-27,299.6344299316406,304.33959497114984,290.6276846621797,291.33641383314296,152968600,68.98126191719771
2023-05-04,307.42059326171875,308.09979329228884,298.6500811641806,301.44561561994726,123438500,71.23776825447477
2023-05-11,309.0841369628906,309.50739783898683,301.465321033932,305.2451998684466,118820100,71.71126966336547
2023-05-18,309.6118469238281,318.3620636421033,308.3885711303924,310.2826571330013,133103300,71.86947542155029
2023-05-25,323.9555053710937,331.403539726326,315.6787877053169,318.87502579708115,155386000,75.8267266325452
2023-06-01,319.01318359375,333.98819045042217,318.1450620184974,321.52873715821653,135058300,72.06492826284703
2023-06-08,332.7846069335937,334.4616624272819,318.9835354576575,319.5655645722856,119008000,75.68473009249144
2023-06-15,329.0556945800781,346.72384645111265,327.5858247663164,332.9227732186063,136925900,72.92908184360411
2023-06-22,331.3147888183594,335.5271171870103,324.0541603858188,329.6081393791092,112775700,73.55722608306127
2023-06-29,333.58367919921875,338.1018485891407,328.12835649609383,330.19012991170973,74501900,74.20461063576798
2023-07-06,332.64654541015625,338.35833698510464,322.5842716824579,332.745170950143,138831400,73.40522732857667
2023-07-13,350.2850341796875,361.8270509951258,334.44190866860555,334.97462501074943,173838900,78.17162298357988
2023-07-20,333.2088623046875,353.1361006768723,328.61178568719,348.79552274490044,229846800,65.86444044437741
2023-07-27,323.0775146484375,336.7207442343576,321.9528944979642,335.8822465249941,139639400,59.84446290084193
2023-08-03,317.8786926269531,330.6143626328565,316.7146041895466,321.5977725947555,104423800,56.96712679569167
2023-08-10,316.07342529296875,323.82730227780735,314.8994922251554,321.6175299766696,100957600,55.96095304962143
2023-08-17,323.26727294921875,325.44217186855207,307.99362367338045,316.8810227322207,107310400,59.06380154720505
2023-08-24,325.0368347167969,329.17900782308294,315.1608511419301,329.0504869601951,94280700,59.81384815850855
2023-08-31,329.08013916015625,331.0276525774397,323.04976536786614,325.44215404813133,77431900,61.54749556684162
2023-09-07,332.22381591796875,334.55689180730053,325.2740657622709,327.5082771346521,88604300,62.88804940284553
2023-09-14,317.1083374023437,336.9690025372487,316.85132586781475,335.2785309661413,112710500,53.2714252168103
2023-09-21,309.21942138671875,321.6360429909513,306.15480273702576,315.61556569818214,120521100,49.05523678866888
2023-09-28,315.3190612792969,318.2156382406954,305.9176385002207,307.44003766933764,106147500,52.20501226473164
2023-10-05,328.6253662109375,329.0207940895387,311.3053415375992,315.44751418398585,103122600,58.26678744881776
2023-10-12,326.3417053222656,332.302900472996,322.6345124191028,326.79647604022034,104035600,56.932238352518475
2023-10-19,336.78125,342.24812359609695,320.68708813431783,328.35848687245675,160646800,61.29638774203423
2023-10-26,342.1195373535156,343.4541328220172,323.2079059449411,336.6526648020145,138937200,63.34199032290457
2023-11-02,359.0540771484375,359.7164121909106,340.834433020937,343.2762391306503,124402100,68.9486739334063
2023-11-09,365.4501647949219,368.87065983514105,356.2464123370627,358.16426930723065,127419900,70.76725417731376
2023-11-16,374.2949523925781,376.2167020543969,363.5470300626206,367.4697633938658,171572800,73.11236120153855
2023-11-23,375.2855529785156,380.6842578989277,371.6104673975901,373.7798347229181,81772300,73.37002868246125
2023-11-30,365.3300476074219,376.5138314895404,359.4855651713321,374.9288794143856,139885200,66.47530740210874
2023-12-07,370.84765625,374.0869091144722,362.655477167984,364.7654414516997,126766300,68.2557786701943
2023-12-14,367.1329956054688,372.4920989373836,360.70406681698574,369.7976890043968,190479000,65.72500264027738
2023-12-21,370.550537109375,373.3935296277604,366.5584549242768,369.0547344020283,62377600,66.93951744044753
2023-12-28,367.1131591796875,373.611435996428,363.3191773922938,371.8382690210845,81392100,64.46523583019138
2024-01-04,379.1686401367188,380.5554922110054,363.0517297560229,367.1825089867044,111366700,68.81841619095229
2024-01-11,385.8056335449219,390.3227279078832,376.80116135176416,382.3682801796844,98932900,70.92982531275995
2024-01-18,398.7724609375,401.8135837097562,386.4495018314949,388.03445407534286,125073900,74.55496175956901
2024-01-25,393.83929443359375,411.4124054858439,393.4727804720805,400.5159006689896,144683400,70.93095300105574
2024-02-01,410.15435791015625,410.4020057606588,398.0196132355309,398.0493297683732,124978100,75.22084919059472
2024-02-08,405.6372375488281,416.8606543436434,399.59465456803593,410.15433163417725,112687100,72.05047575816359
2024-02-15,399.13275146484375,406.0301047529842,394.2103409204103,405.0476154860755,87045600,67.63020472287504
2024-02-22,404.63079833984375,412.7091076390738,400.79012530651073,407.0820849160264,87518200,69.34231426396113
2024-02-29,399.04345703125,414.18784536885113,395.3715092141972,405.5438474265937,116606900,65.5480067061154
2024-03-07,411.9548950195313,415.0115452878592,398.21976094433535,403.0429233771495,92383900,69.67713625668607
2024-03-14,422.0081176757813,424.5784900650799,409.6623709539,417.05590543702056,137011100,72.44624678162694
2024-03-21,418.2369079589844,427.5557764792736,415.83526074059097,426.5732569023373,90423800,69.86866423415893
2024-03-28,417.2643432617188,424.64797423435937,414.6741029812562,417.7704584950051,72601500,69.18501827362604
2024-04-04,420.0530700683594,425.4220834287486,414.4061794123471,421.7699428895341,78916500,70.0887823166976
2024-04-11,408.7195739746094,426.1167517537469,407.2210052256008,422.5936614486304,90093100,62.11552279491333
2024-04-18,405.9606323242188,409.3447990752087,392.7514819370642,407.518744019074,102393100,60.31670050133488
2024-04-25,391.9476013183594,409.8707609860267,385.08995371689446,391.04449261741786,142207200,52.06885700466996
2024-05-02,407.4294738769531,411.5281869901464,391.65985295485103,394.6470568074541,83963200,58.77588693548994
2024-05-09,419.8743591308594,420.5988389095564,406.0003033346141,407.4591665284629,80881000,63.229972039223966
2024-05-16,428.0287170410156,430.4645518651151,415.61100210953873,419.3591754858264,88681400,65.8347758628178
2024-05-23,426.6865234375,431.0908809521029,421.9540585520774,430.46452173597567,60292600,65.01833082258666
2024-05-30,421.5563659667969,421.84466596114095,402.1692077699977,421.84466596114095,125241700,61.86052507819178
2024-06-06,438.5076904296875,440.8341457768561,418.14619229496645,421.556366776819,79403300,67.48068426998357
2024-06-13,443.7571411132813,448.3305281598108,434.1928144435845,438.29892004607984,67445100,69.00394831317908
2024-06-20,449.54345703125,450.9751265075422,438.7164604094128,443.7173517350371,103531800,70.63666964836871
2024-06-27,458.1036376953125,458.3521910129211,443.0810897427194,449.5633493431986,84744000,72.9100850875102
2024-07-04,463.5519409179688,465.6397948701924,455.3496813735758,456.95035018765896,64365900,74.2752576475817
2024-07-11,440.9534606933594,462.0904446236101,436.638578721872,460.3008728654567,92818600,60.627733048561076
2024-07-18,426.4180603027344,445.7952973336907,425.1156433619879,441.7687154340631,97456900,53.78257108997314
2024-07-25,415.9291076660156,429.6492379989674,409.82462391670987,426.3186176356772,144232400,49.44428390193322
2024-08-01,396.1243896484375,424.9863999371596,383.3487429393407,418.3550143541943,146040900,42.47716139296771
2024-08-08,414.4477233886719,415.30276256625774,397.6256520858207,400.1111852261576,93923900,49.5589360927878
2024-08-15,421.6856384277344,423.93253982617,414.0500573187085,417.3707260588582,91216600,52.06914927806614
2024-08-22,408.9597473144531,425.0850741752342,405.6828816466664,422.6647584023358,79384100,47.585228482032676
2024-08-29,407.26654052734375,420.3640034818985,402.7546379619835,413.28242074638007,76802900,47.00522570367846
2024-09-05,421.3500671386719,422.29625388353406,399.19888983222137,405.9916528945847,87961300,52.221674419057386
2024-09-12,429.0890197753906,440.0849262578259,418.07320413037473,421.6189803924775,84900300,54.85157856007129
2024-09-19,430.3838195800781,439.7363235890272,424.3978486188494,439.4674131104734,122414800,55.29495301629152
2024-09-26,415.4636840820313,433.56108285746063,415.0453484935869,433.3519302610728,81870600,49.28837128124923
2024-10-03,415.7923278808594,418.70067647812056,406.5394613331271,415.9616621412332,87979500,49.418708715696376
2024-10-10,414.4577026367188,422.3460776454379,408.84024879356656,413.57127376382783,79055500,48.869399121178866
2024-10-17,422.9038391113281,429.3579337373482,412.0971759704909,420.6727666617929,91308000,52.47001591682235
2024-10-24,430.8021545410156,436.7483071680008,420.7126163787079,423.63090449994417,92756300,55.61753578853169
2024-10-31,418.50146484375,418.7704057056053,403.9498432112261,413.70071240216566,142181500,50.05782201103962
2024-11-07,423.50146484375,427.61494119189337,414.338203944404,419.5971107017178,102199900,52.15161249869104
2024-11-14,413.8302001953125,426.4595695180947,408.9398109050573,423.3022195884824,120561700,47.9630013631127
2024-11-21,421.3002624511719,427.326112615275,408.651013668885,417.8242137605645,115077200,51.22177315167595
2024-11-28,436.544677734375,438.7901751847669,416.9639143834911,419.2493403163789,80790500,57.12294055648965
2024-12-05,448.0915222167969,449.4488165759074,435.2971992986557,437.0436973964642,97332900,60.97418541451223
2024-12-12,436.5147399902344,455.24716779956185,436.1454548251872,448.21125749825256,111789400,55.58364403470569
2024-12-19,438.4508361816406,442.8520149136048,427.7722663997956,440.73626215317046,113544400,56.27977746643324
2024-12-26,420.6565246582031,440.0576251714865,419.81820926028456,438.2013314316957,52717100,48.72170598429863
2025-01-02,423.7104187011719,433.4508978986962,414.0198577235137,424.6784788710612,87326700,49.96364912039436
2025-01-09,425.4569091796875,427.29322350331137,409.89810996309177,423.78027833505394,74379600,50.6990437054321
2025-01-16,445.30712890625,446.37496460039233,423.5407749650417,427.8421478603876,95387000,58.21580292618591
2025-01-23,441.44482421875,447.4827356213116,422.6525190059602,441.1154979944142,116659700,56.41351428047251
2025-01-30,412.4629821777344,422.0138086952588,407.8422423050579,417.9319967672092,151337600,45.124417401079626
2025-02-06,408.2214660644531,417.8122205801985,403.56079794352274,413.1715319288214,97276800,43.744727208427804
2025-02-13,413.9400024414063,414.6585628844229,405.0678078508987,406.1855617719223,92187500,46.13593620224043
2025-02-20,398.93011474609375,418.4709199779232,393.46106976197694,414.45897532922135,126483600,41.187205052147675
2025-02-27,401.0199890136719,405.739990234375,381.0,401.2699890136719,129756800,42.118150687356206
2025-03-06,383.2699890136719,402.1499938964844,376.9100036621094,394.2799987792969,132812600,36.79140721104772
2025-03-13,387.8200073242188,392.7099914550781,377.4500122070313,383.1600036621094,101572500,38.923784639383605
2025-03-20,389.9700012207031,396.3599853515625,382.7999877929688,385.739990234375,111034300,39.954589690222214
2025-03-27,382.1400146484375,392.239990234375,367.239990234375,390.1300048828125,106365600,37.47406422175403
2025-04-03,390.489990234375,393.2300109863281,344.7900085449219,374.7900085449219,215901500,41.63542361389104
2025-04-10,371.6099853515625,394.6499938964844,367.7999877929688,382.05999755859375,120282500,35.82897037858899
2025-04-17,374.3900146484375,380.3900146484375,355.6700134277344,373.75,81781500,37.21738537828903
2025-04-24,391.8500061035156,392.1600036621094,375.1900024414063,375.7000122070313,60006949,45.23206220896104
