Date,Close,High,Low,Open,Volume,RSI_14,Trend_Average,Trend_Smoothed
2014-12-29,0.4593401253223419,0.48669896075635,0.4579001775808706,0.4830990914026717,831204000,,1.0,1.0
2015-01-05,0.4737395048141479,0.4857389743813686,0.4643799013863205,0.4646199022212618,1076032000,,0.6666666666666666,0.8333333333333333
2015-01-12,0.4871789216995239,0.4883788972640718,0.4682197426363472,0.4770993729946537,655532000,,0.6666666666666666,0.7777777777777777
2015-01-19,0.4634199738502502,0.4979784933642213,0.4631799730056836,0.4881388878718887,1044044000,,1.0,0.7777777777777777
2015-01-26,0.4838190376758575,0.489338798891323,0.4545403117352986,0.4636599134901126,1158128000,,0.6666666666666666,0.7777777777777778
2015-02-02,0.4994184374809265,0.5039781960126729,0.4835791256917389,0.4842990423930782,1171952000,,1.0,0.8888888888888888
2015-02-09,0.5308568477630615,0.5399764761042488,0.5248571434704608,0.527977010301081,1361276000,,0.6666666666666666,0.7777777777777777
2015-02-16,0.5313368439674377,0.5385365233773204,0.5270170592086945,0.5375765775662625,725368000,,0.6666666666666666,0.7777777777777778
2015-02-23,0.5403693914413452,0.5473558987280428,0.5292873612454242,0.5338647340303257,999052000,,1.3333333333333333,0.8888888888888888
2015-03-02,0.5512105822563171,0.5613289137442274,0.5389239548234215,0.5403694471612096,1592168000,,1.0,1.0
2015-03-09,0.5509694218635559,0.5630150910953629,0.5357918728876511,0.5459102580176814,1716960000,,1.0,1.111111111111111
2015-03-16,0.5068824887275696,0.568797307389969,0.5051960426020605,0.5528970055525686,2071884000,,1.0,1.0
2015-03-23,0.5061597228050232,0.5198917854649201,0.4929094526436779,0.4965231835743374,1571504000,,1.0,1.0
2015-03-30,0.5304919481277466,0.5324192903678253,0.4998959429101587,0.5090506318760494,1488464000,,33.666666666666664,11.888888888888888
2015-04-06,0.5451877117156982,0.5502468774137567,0.5261555301301887,0.5263964263715336,1338720000,78.32037884675862,1.0,11.888888888888888
2015-04-13,0.5374784469604492,0.5466331932098015,0.5263964159419183,0.5420558200851254,1118420000,75.408727586961,1.0,11.888888888888888
2015-04-20,0.5333828330039978,0.5442239659415793,0.5215780578457693,0.5276009222418239,1178436000,73.83823241473274,1.0,1.0
2015-04-27,0.5324194431304932,0.5512107338118006,0.525432933202444,0.5307330540855018,1285944000,73.45072605708891,1.0,1.0
2015-05-04,0.5047141909599304,0.5435012985367811,0.4909821293739945,0.5302510294117165,2922584000,63.181612428707645,0.6666666666666666,0.8888888888888888
2015-05-11,0.5068824887275696,0.5174826708064009,0.504955146343405,0.5061597425132962,1284480000,63.610413132930056,1.0,0.8888888888888888
2015-05-18,0.528590977191925,0.5310112632239544,0.4978532926513979,0.5094707002276415,1144348000,67.67008252014267,0.6666666666666666,0.7777777777777777
2015-05-25,0.5252026915550232,0.5469852701262511,0.5242345307885118,0.5285910811252666,1510576000,66.42448748925244,1.0,0.8888888888888888
2015-06-01,0.5196358561515808,0.5411764163086719,0.5167314902142964,0.5220561418645968,1766192000,64.32939744285775,0.6666666666666666,0.7777777777777777
2015-06-08,0.5222980976104736,0.5288328625706313,0.5039039166058058,0.519635800920376,1403764000,64.89957562342198,1.0,0.8888888888888888
2015-06-15,0.5085025429725647,0.5353676977436775,0.5060822571993789,0.5266547151235403,1836728000,59.5844954378874,1.0,0.8888888888888888
2015-06-22,0.4937387406826019,0.5155213695212923,0.4833315064812445,0.5085025237333624,1782288000,54.44554908032108,10.0,4.0
2015-06-29,0.4755866825580597,0.4973692864143297,0.4637272633000857,0.4934968170949737,1287284000,48.8652983934192,1.0,4.0
2015-07-06,0.4780069291591644,0.4852678157458178,0.4668736024253244,0.4830895411141966,1301716000,49.60691711420439,1.3333333333333333,4.111111111111112
2015-07-13,0.4697778820991516,0.4886561445148551,0.4639692081651508,0.4809112074667469,1197824000,47.10536288256281,1.0,1.111111111111111
2015-07-20,0.4833316802978515,0.4872041503218914,0.4620331528698154,0.4707461959978593,982168000,51.44815990248639,1.3333333333333333,1.222222222222222
2015-07-27,0.4980953335762024,0.5055982025414008,0.4799431605069043,0.4821214062721365,1300380000,55.713438081057966,1.6666666666666667,1.3333333333333333
2015-08-03,0.574092447757721,0.5796591119694474,0.48672001499486,0.4968852404476164,3542284000,70.21752513822238,1.6666666666666667,1.5555555555555554
2015-08-10,0.5564242601394653,0.5760286161490624,0.5503735165908755,0.5748184443576776,1301748000,64.89622844623523,1.0,1.4444444444444446
2015-08-17,0.5300856828689575,0.5551195141607858,0.4860941625489996,0.5524460162005136,2729540000,57.85717629671144,1.3333333333333333,1.3333333333333333
2015-08-24,0.5398076772689819,0.5558487845029526,0.5201208954529012,0.5356758857006793,1701512000,59.59911681837088,1.3333333333333333,1.222222222222222
2015-08-31,0.5402938723564148,0.5575501876298946,0.5283845549692161,0.547828310076335,1078368000,59.68885447276149,1.3333333333333333,1.3333333333333333
2015-09-07,0.5614388585090637,0.5645984739924275,0.5347036996049447,0.5371341685962283,1352604000,63.487327115212985,1.3333333333333333,1.3333333333333333
2015-09-14,0.5590084195137024,0.5762647908406441,0.5534183347390959,0.5711607651222048,1266952000,62.7553514680854,1.0,1.222222222222222
2015-09-21,0.5991111397743225,0.5998402862456239,0.5468560289773854,0.5556057286860527,2084832000,69.08830377645452,1.3333333333333333,1.222222222222222
2015-09-28,0.6324084997177124,0.6387277293408467,0.5704314666970983,0.5991110294645725,2120832000,73.16790384314203,1.6666666666666667,1.3333333333333333
2015-10-05,0.6649770140647888,0.6754280372927929,0.6190410714105997,0.6297351821185265,2021496000,76.44275842137031,1.6666666666666667,1.5555555555555556
2015-10-12,0.6661922931671143,0.6834486667444197,0.6593870019176725,0.6661922931671143,1920260000,76.55773246381253,1.3333333333333333,1.5555555555555556
2015-10-19,0.6968162655830383,0.6994897645352445,0.6729976307278747,0.6739698068971349,1361400000,79.29947630522078,1.3333333333333333,1.4444444444444444
2015-10-26,0.6812611222267151,0.6982744056841134,0.6715392459653446,0.6856360013125038,1637448000,74.53118828436872,2.0,1.5555555555555554
2015-11-02,0.7415368556976318,0.7762925694986524,0.6715392531515848,0.6846637746554917,3315796000,79.64003015784239,1.6666666666666667,1.6666666666666667
2015-11-09,0.7541753053665161,0.7551475394188398,0.720634795129199,0.739835519484752,1535564000,80.52227278963045,1.3333333333333333,1.6666666666666667
2015-11-16,0.759478747844696,0.77216520165735,0.7509398332915581,0.7597227583797806,1070096000,80.89636246480683,1.3333333333333333,1.4444444444444444
2015-11-23,0.7929027080535889,0.808516765626494,0.7570390904950622,0.7609426194300375,1117976000,83.09941074945134,1.6666666666666667,1.4444444444444444
2015-11-30,0.7980259656906128,0.8248627022332314,0.787291305973759,0.7992458437911816,1726164000,83.41512424206924,1.3333333333333333,1.4444444444444444
2015-12-07,0.809248685836792,0.8119323947147711,0.785095654936958,0.8004657602216708,1283460000,84.11514539030043,1.3333333333333333,1.4444444444444446
2015-12-14,0.8065649271011353,0.8187634171086501,0.7831438146533088,0.8104684555369377,1186808000,83.21064687668711,1.3333333333333333,1.3333333333333333
2015-12-21,0.8146160244941711,0.8280343940382924,0.7894871265421217,0.8041253161355295,578476000,83.77432693551543,1.3333333333333333,1.3333333333333333
2015-12-28,0.7692376375198364,0.8170557359291029,0.7602107014414428,0.8133962175552639,1446220000,69.59229324034727,2.0,1.5555555555555554
2016-01-04,0.71385657787323,0.7550875050061209,0.7111728684787467,0.7499640968138396,2404176000,56.92634387053502,1.6666666666666667,1.6666666666666667
2016-01-11,0.6704297065734863,0.7075132020103756,0.6453008083731101,0.6992181812918763,2380008000,49.34264636572782,1.3333333333333333,1.6666666666666667
2016-01-18,0.6918990612030029,0.7031216845598512,0.6638425028108822,0.6777488349054507,1469824000,52.69766849232957,1.3333333333333333,1.4444444444444444
2016-01-25,0.6879957914352417,0.7184920595080256,0.670917897601247,0.6975106354500005,1545844000,52.02307343027011,1.3333333333333333,1.3333333333333333
2016-02-01,0.6204158663749695,0.7038536298299207,0.605045761238583,0.6889714294542792,2318592000,41.99862193729831,1.3333333333333333,1.3333333333333333
2016-02-08,0.674821138381958,0.6811643650044028,0.603825825582205,0.6045577408207171,1937780000,50.30129027870324,2.0,1.5555555555555556
2016-02-15,0.7763127088546753,0.7782645023660197,0.7233712041770025,0.7302023942162159,2750188000,61.40134698139079,1.6666666666666667,1.6666666666666667
2016-02-22,0.8036374449729919,0.8065651064927447,0.764114305291337,0.7792404595317238,1617436000,63.7488824884786,1.6666666666666667,1.777777777777778
2016-02-29,0.7769373655319214,0.8090138354751097,0.7668981186687315,0.8055858255906173,1215004000,59.91435239648271,1.3333333333333333,1.5555555555555556
2016-03-07,0.8104830980300903,0.8131765847352588,0.7600421915339297,0.7815897349017449,1343656000,62.93122658473934,1.6666666666666667,1.5555555555555556
2016-03-14,0.8430492281913757,0.8491706657826975,0.7926082718630724,0.8075446916734086,1907992000,65.6351610774677,1.3333333333333333,1.4444444444444446
2016-03-21,0.8756155371665955,0.8876136309389712,0.8327652356246358,0.8354586638016888,1148856000,68.13808095840285,1.6666666666666667,1.5555555555555556
2016-03-28,0.8765949010848999,0.8971630771281233,0.8479464410562353,0.8795332286279075,1915060000,68.21306029570103,2.3333333333333335,1.777777777777778
2016-04-04,0.89961177110672,0.8998566123048286,0.8604343188421726,0.8709632492868267,1665044000,69.9998752454563,1.6666666666666667,1.8888888888888893
2016-04-11,0.8925108313560486,0.9172416015686268,0.8834510650567986,0.8971631642915004,1670180000,68.7165218196941,1.3333333333333333,1.777777777777778
2016-04-18,0.9135684967041016,0.9140582373639116,0.8851648811500133,0.8927554819141642,1160724000,70.44686272418984,1.6666666666666667,1.5555555555555556
2016-04-25,0.8511296510696411,0.9133238061762876,0.842314726391785,0.907936891545676,1708992000,59.872103514883605,2.0,1.6666666666666667
2016-05-02,0.8829613924026489,0.8927557414145393,0.8499054352980565,0.8582306786613033,1361312000,62.92739174667264,3.6666666666666665,2.4444444444444446
2016-05-09,1.0617080926895142,1.0737062422306265,0.8552920732309399,0.8893274425231067,4923292000,74.61536180313897,3.3333333333333335,3.0
2016-05-16,1.1060279607772827,1.118760521031754,1.0560767343281203,1.057545781591527,2077464000,76.58641762932336,3.3333333333333335,3.4444444444444446
2016-05-23,1.149160861968994,1.160208026235045,1.107672217025002,1.110863651251463,1387036000,78.34844231417274,3.0,3.2222222222222228
2016-05-30,1.1336945295333862,1.1670818470540445,1.1209287939243404,1.155298019069697,1540812000,76.13587338964714,2.6666666666666665,3.0
2016-06-06,1.1626633405685425,1.1727285998016346,1.1273120776933057,1.1297670817829095,1947160000,77.42198935363047,2.6666666666666665,2.777777777777778
2016-06-13,1.1594719886779783,1.1825484668829531,1.1422873100009068,1.1540711431788058,1426352000,76.93010881772466,3.0,2.777777777777778
2016-06-20,1.145233154296875,1.191631700163644,1.0941701944383324,1.1705191572362164,2465504000,74.65125303774843,3.0,2.8888888888888893
2016-06-27,1.1697827577590942,1.1766566996552463,1.1300126708751028,1.1471972329628584,1293616000,75.97278783834717,2.3333333333333335,2.777777777777778
2016-07-04,1.295721411705017,1.3079961974615315,1.1722375914279062,1.1776384362890358,2087472000,81.34560945460535,3.3333333333333335,2.8888888888888893
2016-07-11,1.3310725688934326,1.3381919862176743,1.272644836746532,1.302595250779536,1677612000,82.52675107509782,3.3333333333333335,3.0
2016-07-18,1.376243233680725,1.4047206611023415,1.3016128714748925,1.3281262495797832,1950788000,83.92714870193944,4.0,3.555555555555556
2016-07-25,1.3794351816177368,1.4128225106528378,1.3595501406277974,1.3794351816177368,1515200000,84.02458345598684,3.3333333333333335,3.555555555555556
2016-08-01,1.4363893270492554,1.4606932946754516,1.383362573727362,1.3860629365340604,1697448000,85.69134682633675,5.666666666666667,4.333333333333333
2016-08-08,1.5012001991271973,1.5588914927381918,1.441054019118399,1.44399997644457,3562976000,87.31343021984996,4.333333333333333,4.444444444444444
2016-08-15,1.520594596862793,1.554472879015239,1.4930991845533168,1.4989911004271446,1506204000,87.76057538459314,3.6666666666666665,4.555555555555556
2016-08-22,1.5086396932601929,1.537907392205205,1.4943748550303508,1.523888483285983,1654796000,85.75419097520987,3.0,3.6666666666666665
2016-08-29,1.5295449495315552,1.5588126435066798,1.508639437081221,1.5098692007022323,1456440000,86.34220719155829,3.0,3.222222222222222
2016-09-05,1.4855204820632937,1.543072154415284,1.40976875330471,1.5280692958626405,2402644000,78.9515019737643,3.0,3.0
2016-09-12,1.5952130556106567,1.6050509311535832,1.4845367798376428,1.4879801418267216,2502108000,82.88300088796893,3.3333333333333335,3.111111111111111
2016-09-19,1.6424351930618286,1.6436649570570274,1.5625024098018887,1.604559376768347,1537444000,84.24711369454228,4.0,3.4444444444444446
2016-09-26,1.6780974864959717,1.7142516792129965,1.6244810207644589,1.6397296951869684,1596276000,85.20597816133969,3.3333333333333335,3.555555555555556
2016-10-03,1.6338269710540771,1.6717027848300838,1.6062808926869612,1.6579298042848964,1742808000,78.79416120239061,3.0,3.4444444444444446
2016-10-10,1.634810447692871,1.6475997090458967,1.566683108424931,1.6146428384987768,1384512000,78.8322694957863,4.0,3.4444444444444446
2016-10-17,1.7747548818588257,1.7941847082640636,1.6306298419070189,1.6539947725537016,1662680000,83.40287035155188,4.666666666666667,3.888888888888889
2016-10-24,1.6911327838897705,1.7917251603335496,1.6795732833720611,1.7882819148411897,1700980000,73.22805348763939,3.3333333333333335,4.0
2016-10-31,1.7206462621688845,1.7651627547592244,1.6375161673067091,1.6990029564769982,2012440000,74.41443569234112,17.0,8.333333333333334
2016-11-07,2.253612995147705,2.276485939091037,1.6419426439735976,1.7582756185494166,6007496000,86.25765705582117,25.666666666666668,15.333333333333334
2016-11-14,2.311165332794189,2.342646395704281,2.229510702838488,2.270338017816339,2619088000,86.95961763320351,12.666666666666666,18.444444444444446
2016-11-21,2.271028757095337,2.342460235820989,2.268565545955376,2.325710822897796,1359368000,83.74682764764484,5.333333333333333,14.555555555555555
2016-11-28,2.3417205810546875,2.347385777193736,2.0880157760771,2.2685649216445074,3095700000,84.81121866108896,5.333333333333333,7.777777777777778
2016-12-05,2.375711679458618,2.3919684889093187,2.156244516969533,2.3446758455506327,2736964000,85.30939537528396,16.666666666666668,9.111111111111112
2016-12-12,2.6067564487457275,2.614145846461901,2.379407206032485,2.3867966037486585,4004924000,88.15360883928398,22.333333333333332,14.777777777777777
2016-12-19,2.690995216369629,2.954059967835368,2.617593160184087,2.631140579455752,4856340000,88.99053882645948,24.333333333333332,21.11111111111111
2016-12-26,2.571286916732788,2.7567625074248063,2.447882781375201,2.583848915880988,6089516000,80.30778210460159,20.666666666666668,22.444444444444443
2017-01-02,2.590252637863159,2.6895177117804168,2.489016948707242,2.57473483566196,4129984000,80.63023620438778,18.666666666666668,21.222222222222225
2017-01-09,2.5358169078826904,2.586311543025579,2.441231843245926,2.567345341063164,2318472000,76.74580622478126,16.0,18.444444444444446
2017-01-16,2.655033826828003,2.692227458715992,2.536556129874169,2.538772925302387,2457612000,79.11844060395643,7.333333333333333,14.000000000000002
2017-01-23,2.8067636489868164,2.8109508240758223,2.6281849184502697,2.6577427335568355,2379560000,81.68035349852249,18.333333333333332,13.888888888888888
2017-01-30,2.921546936035156,2.9784457795326564,2.760210416928957,2.790753426527941,2558556000,83.34505728392824,27.333333333333332,17.666666666666668
2017-02-06,2.684837102890014,2.973026068500427,2.618085668528302,2.927704042336381,4898036000,69.34962492459078,21.333333333333332,22.333333333333332
2017-02-13,2.728189468383789,2.753806292960601,2.581139142070795,2.6944442373510524,2196640000,70.33221588371647,10.666666666666666,19.777777777777775
2017-02-20,2.535071611404419,2.6238569878704965,2.36021343333387,2.6019073109599176,4468356000,60.957494003820656,19.333333333333332,17.11111111111111
2017-02-27,2.430748462677002,2.5363046154596995,2.347142220659656,2.522246878794595,3744704000,56.57078117877674,20.333333333333332,16.777777777777775
2017-03-06,2.5291523933410645,2.540003868167138,2.40213978131271,2.4147178676804586,2888988000,59.529267767471865,9.0,16.222222222222225
2017-03-13,2.665289640426636,2.7119020287175406,2.5256992015030137,2.539756935775013,3921604000,63.258299205482,17.333333333333332,15.555555555555555
2017-03-20,2.6472861766815186,2.6953782194110336,2.5545546084142146,2.65739770788865,2262520000,62.43894008470467,7.0,11.111111111111109
2017-03-27,2.4670021533966064,2.71288843183455,2.4539308526646697,2.6544379026614355,3429900000,54.78624865812811,18.666666666666668,14.333333333333334
2017-04-03,2.399919509887696,2.5089283849260915,2.3762434645947,2.472181040176908,2852760000,52.22149537768719,7.333333333333333,11.0
2017-04-10,2.458369970321656,2.490431168133335,2.355033442134141,2.375750187035256,1755128000,54.2319704663885,6.333333333333333,10.777777777777779
2017-04-17,2.565406322479248,2.5991939037597125,2.4517115136643954,2.472921480005115,1833176000,57.73895925701247,15.666666666666666,9.777777777777777
2017-04-24,2.5710787773132324,2.63520166060764,2.529398785571304,2.5728051535865,1942556000,57.92296936370349,6.333333333333333,9.444444444444445
2017-05-01,2.991329908370972,3.0044012114819765,2.523233313902001,2.577244432279059,3780224000,68.77157826112766,63.333333333333336,28.444444444444446
2017-05-08,3.1499111652374268,3.389631957762913,2.9572959920167974,2.960748745146923,6382020000,71.73322267499108,30.333333333333332,33.333333333333336
2017-05-15,3.417500257492065,3.479156824045757,3.133386693442543,3.1938101004410253,4508256000,75.888567964259,23.666666666666668,39.111111111111114
2017-05-22,3.5637996196746826,3.629224260934804,3.368512697449576,3.456404102880546,3264336000,77.80927456738443,22.0,25.333333333333332
2017-05-29,3.681563377380371,3.700326763158984,3.518371930431585,3.5795994491057943,3179512000,79.24266198428862,43.666666666666664,29.777777777777782
2017-06-05,3.74575400352478,4.160028781566755,3.5084967072577404,3.788712110523437,9409348000,80.00097002226802,35.0,33.55555555555555
2017-06-12,3.93709135055542,3.99313453692084,3.616880191373769,3.628237067250607,4445056000,82.10009175985368,30.666666666666668,36.44444444444444
2017-06-19,3.746495008468628,3.958570128309064,3.598363317793061,3.945238073662268,4616120000,73.79137775132762,24.333333333333332,30.0
2017-06-26,3.531704425811768,3.721065807795497,3.421346255730412,3.718103390423787,3324744000,65.71957944128721,24.0,26.333333333333332
2017-07-03,4.012144565582275,4.024241927792125,3.4504789656364188,3.502572024977197,4262912000,72.8685879193401,28.333333333333332,25.555555555555554
2017-07-10,4.076087474822998,4.135340051894669,3.919314825303157,4.024241175574271,4705556000,73.65603011394712,23.333333333333332,25.222222222222218
2017-07-17,4.129415512084961,4.195334128127012,4.038561449564539,4.096579814713012,3137412000,74.32529740135996,20.333333333333332,24.0
2017-07-24,4.058558464050293,4.165954205514805,3.889935434017693,4.154350345837481,2765704000,71.71818470848862,25.333333333333332,23.0
2017-07-31,4.249156951904297,4.309643785200535,4.041031859291569,4.058067061170313,3035048000,74.32687740272068,76.33333333333333,40.666666666666664
2017-08-07,4.077322959899902,4.262734718494341,3.775134676182199,4.250390133471311,5465468000,68.21764462901463,37.333333333333336,46.333333333333336
2017-08-14,4.093369483947754,4.104479371759851,3.885244738862016,4.068928013299718,2780296000,68.47820496227871,18.333333333333332,43.99999999999999
2017-08-21,4.094009876251221,4.133546387847873,4.009500264577508,4.129098141460524,1924892000,68.48930769748749,20.333333333333332,25.333333333333332
2017-08-28,4.097220420837402,4.247706644940352,4.041622545099582,4.114270612020233,2151152000,68.5491170593738,17.0,18.555555555555554
2017-09-04,4.209900379180908,4.238811146140501,4.02061900840431,4.114024148633832,2411616000,70.65438372498393,24.333333333333332,20.555555555555554
2017-09-11,4.592168807983398,4.724616508434688,4.146394601248846,4.170857592876543,5162164000,76.42084037436759,31.333333333333332,24.222222222222218
2017-09-18,4.342348098754883,4.514579295435154,4.204711699059877,4.488386112202553,4280752000,67.13615952332002,22.333333333333332,26.0
2017-09-25,4.469358444213867,4.496786932245349,4.293667845976747,4.34951316383987,2375996000,69.18590497788351,18.333333333333332,24.0
2017-10-02,4.7181925773620605,4.767860416619696,4.423151039193495,4.493822913832092,2824040000,72.7693093118869,28.333333333333332,23.0
2017-10-09,4.882266521453857,4.914884147263644,4.693232660808982,4.721649481791981,2779572000,74.84642401949141,25.666666666666668,24.111111111111114
2017-10-16,4.785403251647949,4.931935639016733,4.723874853485716,4.804677565441789,2686492000,71.3845577452985,26.0,26.666666666666668
2017-10-23,5.1199822425842285,5.188429989480348,4.789111090163481,4.81308014996014,2313476000,75.58520768736263,31.0,27.555555555555557
2017-10-30,5.168413162231445,5.260829940196863,5.03225908505542,5.0903285164193415,2036580000,76.13140753006505,44.666666666666664,33.888888888888886
2017-11-06,5.188677310943604,5.4034105218020185,4.951211290977045,5.0722919078304685,3845436000,76.36961732902364,35.333333333333336,37.0
2017-11-13,5.310991287231445,5.362141851823736,5.201524328177509,5.262806218662435,2109348000,77.80920487615711,24.333333333333332,34.77777777777778
2017-11-20,4.856976509094238,5.374770422154381,4.728640511022407,5.331002727634348,2513188000,62.57141753308309,69.0,42.888888888888886
2017-11-27,4.679928779602051,5.011771736239784,4.4652939811350185,4.925720105434992,4324680000,57.81645149050253,42.0,45.11111111111111
2017-12-04,4.603766918182373,4.816423613480655,4.596348496844155,4.746691679164703,2391520000,55.850248259647984,43.666666666666664,51.55555555555555
2017-12-11,4.866372108459473,4.897775762007981,4.564696304564552,4.597336597239639,2247824000,60.80030421211165,33.666666666666664,39.77777777777777
2017-12-18,4.875522613525391,4.944759807066208,4.729135997243404,4.869835580877689,1451748000,60.96453992057021,29.666666666666668,35.666666666666664
2017-12-25,5.253852844238281,5.284267946595606,4.784772239909807,4.89926042409491,1790532000,67.10171857440871,39.0,34.11111111111111
2018-01-01,5.5310468673706055,5.563687157816897,5.219480329936107,5.335205124692853,3124272000,70.73244410976653,51.0,39.888888888888886
2018-01-08,5.556764602661133,5.625754171234599,5.358202874570845,5.563688273438694,2006704000,71.05165484890423,37.0,42.333333333333336
2018-01-15,5.830746173858643,5.946718148568419,5.506321211758707,5.537477734971545,2624156000,74.27112990785216,56.0,48.0
2018-01-22,6.07802152633667,6.163826010394081,5.829510275236198,5.885146791645703,2430764000,76.78098827590583,50.0,47.666666666666664
2018-01-29,5.657651901245117,6.105219999430007,5.044410002649249,5.898003236050731,4320624000,65.14632989413272,58.333333333333336,54.77777777777777
2018-02-05,5.96971321105957,5.998644529980854,5.378478490083564,5.783267929250544,5282288000,68.91233824900435,39.333333333333336,49.22222222222222
2018-02-12,5.971939563751221,6.230589623381914,5.968230588887824,6.05304603378348,2915088000,68.93812514982037,31.0,42.888888888888886
2018-02-19,5.984055995941162,6.154923040219042,5.922237237601438,6.002107062057009,2397528000,69.08840404532542,30.666666666666668,33.666666666666664
2018-02-26,5.983816146850586,6.039487703038008,5.489206001423215,5.985548140333465,3792340000,69.08127914647997,26.0,29.222222222222218
2018-03-05,6.154541492462158,6.297060473571834,5.923195322953981,6.011280161084971,2647764000,71.34642883582913,28.333333333333332,28.333333333333332
2018-03-12,6.150088787078857,6.250544414345502,5.864061138827021,6.168151073193563,2508564000,71.19991942079943,22.333333333333332,25.555555555555554
2018-03-19,5.47683572769165,6.185719077320647,5.369204347887487,6.0867476664701,4253144000,53.35829796649808,34.0,28.222222222222218
2018-03-26,5.59782600402832,5.826944612943262,5.294973101228311,5.5451233911383175,3295320000,55.51563988809919,32.333333333333336,29.555555555555554
2018-04-02,5.59782600402832,5.669332775546133,5.271962134468782,5.656219181474331,3085672000,55.51563988809919,27.333333333333332,31.222222222222225
2018-04-09,5.848471641540527,5.919731129606942,5.633456241560482,5.690859783604645,2286336000,59.96468575025983,22.666666666666668,27.444444444444446
2018-04-16,5.360790729522705,5.76756332179721,5.203426143140118,5.73416038801891,2288792000,49.57539285726163,19.333333333333332,23.11111111111111
2018-04-23,5.599559783935547,5.698283889915833,5.456545723329881,5.522609244110652,1626552000,53.7961962577095,19.666666666666668,20.555555555555557
2018-04-30,6.328731060028076,6.330958110873279,5.58619766837049,5.631477260093947,2634796000,63.76993359497473,43.333333333333336,27.444444444444446
2018-05-07,6.086992263793945,6.445516235506046,5.975401888198523,6.381679786364605,4249032000,59.20689669571614,25.666666666666668,29.555555555555557
2018-05-14,6.124851226806641,6.244359264386161,5.944475644784226,6.088726651835322,2605344000,59.69332853495973,23.0,30.666666666666668
2018-05-21,6.263568878173828,6.272234199207957,6.0716931703509145,6.124923269403182,1473164000,61.504632807553634,21.666666666666668,23.444444444444446
2018-05-28,6.564629554748535,6.600281573935852,6.2209864577814455,6.231632291055955,2320928000,65.16357117038666,22.333333333333332,22.333333333333332
2018-06-04,6.496544361114502,6.577503501501991,6.417318285234089,6.560915665823504,1652644000,63.68923677149,24.333333333333332,22.777777777777775
2018-06-11,6.494316101074219,6.664899696397216,6.313829010617559,6.541604204220793,2183256000,63.63848994761676,21.666666666666668,22.777777777777775
2018-06-18,5.835996627807617,6.544575413756195,5.830549516224426,6.526254513184625,2392268000,50.768158172563226,28.333333333333332,24.777777777777782
2018-06-25,5.863726139068604,6.040994572887251,5.775091922159279,5.826093607493773,1310616000,51.21570665786632,9.333333333333334,19.77777777777778
2018-07-02,6.128389835357666,6.292041163971458,5.880065328019192,5.918935552608108,1633972000,55.384554847375306,20.333333333333332,19.333333333333332
2018-07-09,6.231631755828857,6.2960030580899495,6.070208372637554,6.173697819906197,1429308000,56.930699987502805,10.0,13.222222222222221
2018-07-16,6.235840320587158,6.3096197499991975,6.023167354037896,6.212815120580108,1433420000,56.99612371073709,11.333333333333334,13.888888888888888
2018-07-23,6.102146625518799,6.35294703416669,5.994944070897464,6.215787019002385,1528428000,54.18051581915267,19.0,13.444444444444445
2018-07-30,6.398005962371826,6.443066106883308,5.971918168987088,6.030842355823766,1211696000,59.006649082389146,21.333333333333332,17.222222222222225
2018-08-06,6.414347171783447,6.527244276563652,6.256389920040023,6.415832318262727,1893240000,59.26188024221637,34.0,24.777777777777782
2018-08-13,6.5069427490234375,6.511894496822788,5.910270833716875,6.484165464705883,4222680000,60.75301635888299,36.0,30.444444444444446
2018-08-20,6.894903182983398,6.91990889381394,6.454455020593288,6.468319535729064,2653464000,66.31615458374881,31.0,33.666666666666664
2018-08-27,6.896940231323242,7.065387958549665,6.815936811417397,6.8674620208035,1438076000,66.34313109971663,31.333333333333332,32.77777777777778
2018-09-03,6.643774509429932,6.8830692004575775,6.48820806040725,6.880591972027689,1500560000,59.92030103496834,24.333333333333332,28.88888888888889
2018-09-10,6.737410545349121,6.913785116888546,6.645012255438305,6.709666347518477,1422380000,61.40844697355481,25.0,26.88888888888889
2018-09-17,6.61206579208374,6.694308064383507,6.407947015179618,6.615286235874502,1708560000,58.28846888794408,24.0,24.444444444444446
2018-09-24,7.1027936935424805,7.252166816393943,6.592496513474366,6.647241695670607,2250400000,65.64722667269454,30.666666666666668,26.555555555555557
2018-10-01,6.086162567138672,7.090903242019087,6.083932920071192,7.0666270677603205,2184908000,47.106199886574366,26.0,26.88888888888889
2018-10-08,6.021011829376221,6.189955169112706,5.803020987195801,5.998964833392878,2521812000,46.20555780691316,30.0,28.88888888888889
2018-10-15,4.939727783203125,6.128769938000032,4.925855683003396,6.090374081370916,3017196000,34.43737625505766,36.333333333333336,30.777777777777782
2018-10-22,5.222620487213135,5.266218851094466,4.36006932222579,4.842127135559708,3927484000,38.82713448603711,33.333333333333336,33.22222222222223
2018-10-29,5.295945167541504,5.499321219619887,5.085137902945984,5.259035268595281,2181644000,39.94944851475992,22.0,30.55555555555556
2018-11-05,4.884735107421875,5.237484323808076,4.673432191141897,5.236741107999883,2713000000,35.964457746165166,89.66666666666667,48.333333333333336
2018-11-12,3.5847153663635254,5.085634052137606,3.302317922549339,4.878789953961939,7219576000,26.846852148908468,51.0,54.22222222222223
2018-11-19,3.965208053588867,3.9704100905888335,3.537152934620468,3.550034236594138,2769384000,32.25981116396844,33.0,57.88888888888889
2018-11-26,3.8918843269348153,4.327123360163647,3.857451421311011,3.9634744750238826,2981652000,31.771914328405643,36.333333333333336,40.111111111111114
2018-12-03,3.6921987533569336,3.939419781863721,3.591029040229565,3.755181788366873,3329504000,30.42249224457821,24.666666666666668,31.33333333333334
2018-12-10,3.434562921524048,3.8032869648867753,3.3829861599024147,3.739064078108152,2915808000,28.727209544056407,28.666666666666668,29.888888888888896
2018-12-17,3.3004143238067627,3.516143849989011,3.086172479822057,3.4261325738966124,2772268000,27.85676214185196,29.666666666666668,27.66666666666667
2018-12-24,3.377779006958008,3.433819052704614,3.104025637119657,3.248093376698373,2239664000,29.189329272435472,29.0,29.111111111111114
2018-12-31,3.535485029220581,3.639630347152621,3.166265068260295,3.3175236316959484,3403608000,31.948761366595704,32.0,30.22222222222223
2019-01-07,3.6907107830047607,3.8025430439010193,3.455639989226846,3.516143553233144,3215204000,34.64823152251259,14.666666666666666,25.222222222222225
2019-01-14,3.7018697261810303,3.917351434485381,3.630455774568366,3.6577320778724856,2397344000,34.84831541031366,23.666666666666668,23.444444444444446
2019-01-21,3.40679144859314,3.989261031470869,3.248341817838046,3.7864259237368687,6503232000,32.0536423001044,78.66666666666667,39.00000000000001
2019-01-28,3.793865203857422,3.858336171769377,3.3817471398399923,3.4035681373973983,3241380000,38.967945023131655,28.0,43.44444444444446
2019-02-04,3.790888547897339,3.864038234124336,3.5739191957103067,3.747494630164367,2790336000,38.93513221023028,34.666666666666664,47.111111111111114
2019-02-11,3.931485176086426,4.063402461128554,3.746751269380271,3.789897365242166,3436892000,41.44322752239264,12.333333333333334,25.000000000000004
2019-02-18,3.853623867034912,4.098365182618481,3.796591798340146,3.944131028498044,2495028000,40.45233246497766,12.333333333333334,19.777777777777782
2019-02-25,3.770307540893554,3.940659552017303,3.767580005541957,3.843457229666729,1858572000,39.367640138415865,19.333333333333332,14.666666666666671
2019-03-04,4.185495853424072,4.2147858933207045,3.594234361084679,3.750613375614752,3080724000,46.99508127251976,28.333333333333332,20.000000000000004
2019-03-11,4.328967094421387,4.443893061335595,4.101845034020753,4.194679668292955,3241980000,49.365501395600965,26.333333333333332,24.66666666666667
2019-03-18,4.381093502044678,4.59208110705759,4.247302708277882,4.352052021316527,3275048000,50.23626396950264,26.333333333333332,27.000000000000004
2019-03-25,4.681935787200928,4.741012492657299,4.346589873384566,4.407155557440728,2645408000,55.04166089018109,21.0,24.55555555555556
2019-04-01,4.768317699432373,4.794132665644127,4.61020138646781,4.666547287024599,2248056000,56.34517914250494,11.666666666666666,19.66666666666667
2019-04-08,4.648923397064209,4.802323727419025,4.544918815812535,4.770799512127288,2032368000,54.01408736579241,10.333333333333334,14.333333333333337
2019-04-15,4.745233058929443,4.785941124958199,4.569244755378639,4.655625412753683,1325984000,55.609466515648336,21.333333333333332,14.444444444444448
2019-04-22,4.479636192321777,4.727360084267609,4.301661831005406,4.705020198354372,2477404000,50.41504668237205,20.333333333333332,17.33333333333334
2019-04-29,4.317052364349365,4.58885372823864,4.248791799731677,4.489317506981327,2128072000,47.490654874840345,11.333333333333334,17.66666666666667
2019-05-06,3.961103677749634,4.259216618505007,3.9072398152086056,4.248046674548265,2913860000,41.77707679216415,29.0,20.22222222222223
2019-05-13,3.7779173851013184,4.063619285261019,3.741925286505911,3.955643226196395,3062936000,39.16554991801358,23.666666666666668,21.333333333333343
2019-05-20,3.483527421951294,3.71561351195022,3.4487764584868,3.71561351195022,1937584000,35.34203560621398,20.333333333333332,24.33333333333334
2019-05-27,3.5068604946136475,3.6287368455911926,3.2914050189301456,3.4827830675315825,2416116000,35.876366435849945,18.666666666666668,20.888888888888896
2019-06-03,3.633126974105835,3.786205419461135,3.5126026684355827,3.5150877643030403,1902540000,38.82268329688426,22.666666666666668,20.55555555555556
2019-06-10,3.805091619491577,3.8545437455570073,3.5496296517418453,3.655243615053082,1892112000,42.68514599273531,11.333333333333334,17.55555555555556
2019-06-17,3.957672357559204,4.018804615728701,3.745450039852919,3.895794997336663,1963484000,45.9461103394266,10.333333333333334,14.777777777777784
2019-06-24,4.044400215148926,4.322724746106524,3.984510978445289,4.043406271757257,2199728000,47.76531447551918,10.666666666666666,10.777777777777784
2019-07-01,3.977553129196167,4.034957273726255,3.8518100402490334,3.9860023594859313,1521276000,46.46721006128261,18.0,13.000000000000005
2019-07-08,4.2173590660095215,4.236245411968025,4.013337140578499,4.050612623819342,2168440000,51.5537163633949,9.333333333333334,12.666666666666671
2019-07-15,4.439769744873047,4.445485511839299,4.171137229162132,4.227796268187904,1897440000,55.75290037072416,10.666666666666666,12.666666666666671
2019-07-22,4.192757606506348,4.410944088411806,4.150511925855174,4.398270242021385,1472208000,50.51592981151437,9.0,9.666666666666673
2019-07-29,3.8242266178131104,4.293650483969979,3.7002232684401153,4.203194981999783,2172548000,43.891698954181656,18.666666666666668,12.777777777777786
2019-08-05,3.729297161102295,3.93406441666666,3.685560573880891,3.881878600201979,1702152000,42.351120978873865,14.333333333333334,14.000000000000007
2019-08-12,4.255131721496582,4.3102996129999775,3.662698754231843,3.748184054528213,3190704000,52.331852666366274,12.333333333333334,15.11111111111112
2019-08-19,4.006379127502441,4.307317409000457,3.95121124078392,4.2648233669015525,1736332000,48.09023438263952,9.666666666666666,12.111111111111116
2019-08-26,4.197902679443359,4.250140398982787,4.060841827171454,4.101885309103474,1172460000,51.35916530918968,16.333333333333332,12.777777777777784
2019-09-02,4.585205078125,4.633462598731851,4.298396596953419,4.300137837914438,2204500000,57.225351081754695,17.0,14.333333333333337
2019-09-09,4.476999282836914,4.686446880863822,4.390434447430027,4.631722088533037,1365464000,55.22157761704095,7.666666666666667,13.666666666666673
2019-09-16,4.433468341827393,4.501377225850696,4.246408262882595,4.48296941145454,1471132000,54.39637175220394,7.333333333333333,10.666666666666671
2019-09-23,4.304368019104004,4.502372800538961,4.211832656331474,4.423767844390666,1442184000,51.91844138368323,7.666666666666667,7.555555555555562
2019-09-30,4.495159149169922,4.684955440902423,4.27849839251842,4.308845815244816,1933944000,55.16868684780456,16.666666666666668,10.555555555555562
2019-10-07,4.830970764160156,4.957336019355636,4.4876961767235874,4.49291990084849,2048636000,60.26060164079516,10.333333333333334,11.555555555555562
2019-10-14,4.852861404418945,5.037931178533862,4.664060059628473,4.875497543888843,1441380000,60.574955857287485,10.666666666666666,12.555555555555562
2019-10-21,5.049623012542725,5.196385498251218,4.860075796372476,4.894154317889897,1403100000,63.37905960223622,19.333333333333332,13.44444444444445
2019-10-28,5.164793014526367,5.262053912842801,4.920520585995497,5.028726632818545,1439968000,64.95046362672717,21.333333333333332,17.111111111111114
2019-11-04,5.188175201416016,5.270014011727554,5.081461313646385,5.251357585020825,1296568000,65.27623700269315,21.333333333333332,20.66666666666667
2019-11-11,5.253099918365479,5.336928600477389,4.9909173350389855,5.197131101061625,3033448000,66.21523324997668,23.666666666666668,22.111111111111118
2019-11-18,5.428718090057373,5.507572148479849,5.206584499451112,5.248623391427787,1619992000,68.682247883264,19.333333333333332,21.444444444444446
2019-11-25,5.213163375854492,5.430233246640753,4.9878789417692335,5.401855232696208,1252248000,62.63648720815872,9.333333333333334,17.444444444444454
2019-12-02,5.410317420959473,5.415794270108829,5.165615979230012,5.235068693839491,1119184000,65.6175815641383,9.0,12.555555555555562
2019-12-09,5.71327018737793,5.773761007689279,5.372480511560668,5.381441938716885,1844772000,69.62771971754836,20.333333333333332,12.888888888888895
2019-12-16,5.940049171447754,6.019458993536157,5.742893947560472,5.747872729934066,1542328000,72.23799498189408,21.0,16.777777777777782
2019-12-23,5.857402801513672,5.982865157130082,5.72870419029771,5.943533446250423,926556000,69.88092112656483,17.333333333333332,19.55555555555556
2019-12-30,5.983860969543457,6.025184004233772,5.75708282165537,5.943284799610564,1297520000,71.41770364559781,13.0,17.111111111111118
2020-01-06,6.113058090209961,6.297766841036735,5.995810751446569,6.0702417944135645,1513440000,72.93698277611495,8.666666666666666,13.000000000000005
2020-01-13,6.226072788238525,6.3127014995255815,6.137950347500934,6.166577629688197,995140000,74.22749992871393,10.666666666666666,10.777777777777784
2020-01-20,6.112312316894531,6.459823400133122,5.780981566505521,6.266153200942669,1658388000,70.57908097257727,8.666666666666666,9.333333333333337
2020-01-27,6.242253303527832,6.28307826647367,5.843711015839654,6.014479039728832,1396252000,72.25649641152881,8.333333333333334,9.222222222222229
2020-02-03,6.784430503845215,6.790903015050795,6.19545429986708,6.276606637765799,1950844000,77.91458496529978,20.666666666666668,12.555555555555562
2020-02-10,7.8339338302612305,7.8516083635339475,6.699046469887458,6.726429295485958,2884436000,84.50302523657268,17.0,15.333333333333341
2020-02-17,6.662703514099121,7.874262737183725,6.421487039695765,7.785891478020671,4238376000,62.20200994369582,43.333333333333336,27.00000000000001
2020-02-24,7.082404613494873,7.091864109813964,6.018961228630386,6.345312664632017,4180612000,65.69569307409044,19.333333333333332,26.55555555555556
2020-03-02,6.139131546020508,7.054010955916925,5.932642667923121,6.887125788912265,2750512000,53.6854134314188,27.666666666666668,30.111111111111114
2020-03-09,5.051887512207031,6.003381898703469,4.500419555917958,5.615809869549642,3886248000,43.75591572252638,22.0,23.00000000000001
2020-03-16,6.117959022521973,6.521472049595183,4.817002382043194,5.03046550807943,4109100000,52.945858722104695,28.0,25.888888888888896
2020-03-23,6.054443836212158,6.859727413304426,6.009858362579114,6.325196295096788,3544060000,52.39655239458458,20.0,23.333333333333343
2020-03-30,6.649252891540527,6.930716197609263,5.937873989910813,6.083586928605191,3393824000,56.90563103378944,15.333333333333334,21.111111111111118
2020-04-06,6.995226860046387,7.106815713270635,6.401414968821923,6.7750383994904375,1821068000,59.31935586615234,23.333333333333332,19.55555555555556
2020-04-13,7.1274895668029785,7.447560266751663,6.6532370608292295,7.150654322051969,2952644000,60.23627897344993,20.666666666666668,19.777777777777786
2020-04-20,7.434109687805176,7.5770827642919745,6.98924844793546,7.169584245444744,2077940000,62.35466078632073,18.666666666666668,20.888888888888896
2020-04-27,7.417421817779541,7.522285825794979,6.995227385428739,7.380059566923919,1727928000,62.1605645508084,30.333333333333332,23.22222222222223
2020-05-04,7.751441478729248,8.142500143355274,7.505347946715161,7.556658745306885,2300920000,64.53983981812645,19.666666666666668,22.888888888888896
2020-05-11,8.937071800231934,9.054139816908494,7.659279533894615,7.812963433521397,3669288000,71.41139394898802,50.333333333333336,33.44444444444445
2020-05-18,8.493955612182617,9.148045569483918,7.967395095749297,9.018273719081762,3746504000,66.24463729471509,18.666666666666668,29.555555555555568
2020-05-25,8.73730754852295,8.842918376607505,8.348489924180875,8.381368775850344,2626788000,67.62979071185198,18.666666666666668,29.22222222222223
2020-06-01,9.332366943359377,9.465128054076724,8.645647002405777,8.69596154686743,2394432000,70.78659377963487,35.666666666666664,24.333333333333343
2020-06-08,9.206297874450684,9.269094998061806,8.675261023621772,9.120574002016475,2498584000,69.2458561681346,15.0,23.111111111111114
2020-06-15,9.205798149108888,9.611488790419882,9.08518700683493,9.197325386998136,2001516000,69.23942279679184,17.333333333333332,22.66666666666667
2020-06-22,9.49935245513916,9.54495594489981,8.871378341651283,9.325663170997514,2004944000,70.94698971969883,31.333333333333332,21.22222222222223
2020-06-29,10.183144569396973,10.19211640075848,9.547445924074935,9.608000557425155,1403228000,74.4981857557566,28.666666666666668,25.777777777777786
2020-07-06,10.194357872009276,10.757540336905002,9.754028075349868,10.34686568152434,2395960000,74.55311609179967,23.333333333333332,27.777777777777786
2020-07-13,10.405177116394045,10.56840015879052,9.86367423557772,9.98279005889861,1540428000,75.61652001645311,22.0,24.666666666666675
2020-07-20,10.431842803955078,10.513080752983752,9.745557569239516,10.416392583550405,1733228000,75.75453346659327,19.666666666666668,21.66666666666667
2020-07-27,11.250447273254396,11.335173918300294,10.262136420800598,10.341629974697964,1667940000,79.57631484857666,21.666666666666668,21.111111111111118
2020-08-03,11.40345859527588,11.467751019030644,10.761030574740635,11.31324881399964,1833552000,80.2044274437526,22.333333333333332,21.22222222222223
2020-08-10,12.099461555480955,12.455811874966516,11.319228830253488,11.50886641164122,2488268000,82.79621605795246,66.66666666666667,36.88888888888889
2020-08-17,12.731919288635254,12.870971245241815,11.840545455849156,11.9364864292932,3022140000,84.75011932618109,35.666666666666664,41.555555555555564
2020-08-24,14.300360679626465,14.67938773645202,12.526084645394588,12.740393336933234,2740932000,88.29920147551324,96.0,66.11111111111111
2020-08-31,12.677899360656738,13.843986303881772,11.67009878624754,13.788399081960504,3940740000,70.11975231094618,57.666666666666664,63.111111111111114
2020-09-07,12.477983474731444,13.276147603723166,11.861039312190298,12.951348714021671,3821296000,68.25502132197212,90.33333333333333,81.33333333333333
2020-09-14,12.088375091552734,12.689865432542552,11.8697650924166,12.096850389170395,3505480000,64.64683659786499,71.66666666666667,73.22222222222223
2020-09-21,13.49102020263672,13.582751766420662,11.978944677275628,12.037025137484848,3203708000,70.66017757536164,42.333333333333336,68.11111111111111
2020-09-28,13.923253059387209,14.100734107553118,13.012917069729538,13.717854787300723,2759824000,72.22783767012919,27.666666666666668,47.22222222222223
2020-10-05,14.054120063781738,14.306631199731292,13.620888197309515,14.033928833963277,1781240000,72.70339203506494,22.333333333333332,30.777777777777782
2020-10-12,13.485285758972168,14.080294755072485,13.367630041874142,13.770451487867506,1256492000,67.30829375665606,20.666666666666668,23.555555555555557
2020-10-19,12.59015655517578,13.652797011309598,12.572209425845594,13.48304383084839,1487900000,59.78940670989499,26.0,23.0
2020-10-26,13.753999710083008,13.787153497267305,12.264110391287687,12.801038951028112,1719680000,65.22823262670218,21.333333333333332,22.666666666666668
2020-11-02,13.3788480758667,14.64863164307607,12.591402374522678,14.12117587224199,2334164000,62.30293375155211,29.0,25.444444444444443
2020-11-09,13.389566421508787,13.725832119648173,13.021144422146728,13.439669850781767,1948852000,62.35487937040296,55.0,35.11111111111111
2020-11-16,13.196131706237791,13.455124138781954,12.847402686239802,13.174196539720697,1874796000,60.72848755217159,18.666666666666668,34.22222222222222
2020-11-23,13.504981994628906,13.633605326375571,12.934401265044796,13.335976189440151,1034536000,62.41417517799331,50.666666666666664,41.44444444444444
2020-11-30,12.893020629882812,13.691184852178424,12.830702992002264,13.547854094874822,1298228000,57.17717220084692,26.666666666666668,32.0
2020-12-07,13.207759857177734,13.428678217377058,12.789360025749207,12.835239828487593,1103316000,59.07894219145824,17.333333333333332,31.555555555555554
2020-12-14,12.975122451782228,13.36983432431252,12.93348202044043,13.331684696182936,1240504000,57.0617777665645,20.0,21.333333333333332
2020-12-21,13.111263275146484,13.17908472306344,12.729767036130832,13.003047436388506,706216000,57.96626019027819,22.0,19.777777777777775
2020-12-28,12.58140754699707,13.616684595649891,12.552982708724835,13.10203845993292,1656248000,53.26363049685472,26.0,22.666666666666668
2021-01-04,13.496251106262209,13.9243757452752,12.852694459360574,12.933481343422253,1773856000,59.38962232074688,34.666666666666664,27.555555555555554
2021-01-11,13.330687522888184,13.56407291766621,12.810305796992653,13.539388088613777,1045660000,57.91024316877586,20.333333333333332,27.0
2021-01-18,12.883862495422363,13.962525388734525,12.7601872437414,13.383298438795354,1370964000,54.00070282116192,27.0,27.333333333333332
2021-01-25,13.49500560760498,13.895202887143393,12.868901999750072,12.962156856492118,1182920000,58.161151318564166,30.333333333333332,25.888888888888886
2021-02-01,14.725519180297852,14.865899886486943,13.30276190728127,13.495504663486347,1578028000,65.02113176504929,54.333333333333336,37.22222222222222
2021-02-08,14.866896629333496,15.33217312272063,14.736239769449671,14.94095206700257,1422300000,65.71664419315732,29.666666666666668,38.111111111111114
2021-02-15,14.460966110229492,15.1371880431592,13.354376596897394,14.690363273444774,1671576000,61.91021545894292,55.0,46.333333333333336
2021-02-22,12.771159172058104,14.337040216965091,12.765174394686705,14.008653618298132,2320260000,49.14818265138878,50.333333333333336,45.0
2021-03-01,12.435542106628418,12.9459488938533,11.536157119286385,12.767169359246235,2565496000,47.07270378441872,25.333333333333332,43.55555555555555
2021-03-08,13.31084442138672,13.48170351713655,12.561306326273666,12.920485508963884,1281860000,52.68462843926046,19.666666666666668,31.777777777777782
2021-03-15,12.614187240600586,13.36397476021676,12.58375728817028,13.106563300572718,1358796000,48.29544233703472,18.333333333333332,21.11111111111111
2021-03-22,13.317829132080078,13.439800123062073,12.244031877634187,12.47101335694384,1447612000,52.59153119418737,17.0,18.333333333333332
2021-03-29,14.11126708984375,14.21103861752227,13.480457212541005,13.541319014770982,1006976000,56.9366186781105,17.333333333333332,17.555555555555554
2021-04-05,15.242182731628418,15.684671520263224,14.10702514482565,14.220267061574386,2370624000,62.24775340724103,28.333333333333332,20.888888888888886
2021-04-12,15.325491905212402,16.177296334485973,14.928897817532375,15.62680365650768,1889016000,62.61355088662128,19.666666666666668,21.777777777777775
2021-04-19,15.241931915283203,15.63478469821604,14.74980620263587,15.33995837899053,1077072000,61.96501398044502,17.0,21.666666666666668
2021-04-26,14.42554759979248,15.401318331856356,13.978319387242404,15.36490154169473,1276368000,55.87567563140107,17.0,17.88888888888889
2021-05-03,13.727143287658691,14.936630221492424,13.678005882819994,14.462213820544273,1280604000,51.236900238509634,20.666666666666668,18.222222222222225
2021-05-10,14.033695220947266,14.371423824986852,13.428327476333394,14.001767606348448,1291256000,53.07825122041333,15.666666666666666,17.77777777777778
2021-05-17,15.66421890258789,15.782448592921329,14.237977161354348,14.269903821068551,2355248000,61.42249753073287,30.333333333333332,22.222222222222218
2021-05-24,16.740009307861328,16.880190104909857,15.42476411659688,15.663967594970092,2292984000,65.75018946363349,49.666666666666664,31.888888888888886
2021-05-31,17.318689346313477,17.771904422802937,16.545206697402048,16.66268850673483,2478388000,67.8401214305996,27.0,35.666666666666664
2021-06-07,17.77373504638672,18.00251499609921,17.140786639258632,17.314429694116004,1575612000,69.4203076979316,46.666666666666664,41.11111111111111
2021-06-14,19.018178939819336,19.335278435031743,17.719847488405456,17.738059585973737,3363396000,73.28608173713451,55.666666666666664,43.11111111111111
2021-06-21,19.96148681640625,20.12115859540737,18.85575889027651,19.188325630320097,1788924000,75.78499269620639,31.333333333333332,44.55555555555555
2021-06-28,20.32997703552246,20.83219522915429,19.97794958265243,20.08373312511282,1688036000,76.7018298187601,25.333333333333332,37.44444444444445
2021-07-05,19.80081558227539,20.49064806535517,19.660355201539804,19.81578612005656,1792716000,72.45908095841764,45.0,33.888888888888886
2021-07-12,19.37019920349121,19.80630339919724,17.828865885459578,19.77112596944243,2793552000,69.10894162328526,82.0,50.77777777777777
2021-07-19,19.4630126953125,19.846224242198964,18.702574010425707,19.60172763869238,1174495000,69.4369403282407,27.666666666666668,51.55555555555555
2021-07-26,20.23243522644043,20.27634564373421,19.180595242195672,19.478982031211554,1124842000,72.08326116051802,25.666666666666668,45.11111111111111
2021-08-02,19.65860939025879,20.69048971528661,19.39016183516955,20.457967646819327,901538000,67.39639839736871,24.333333333333332,25.888888888888886
2021-08-09,19.000959396362305,20.245402164172425,18.96104050270656,19.829257405343032,1036089000,62.38960733452628,29.666666666666668,26.555555555555554
2021-08-16,22.167449951171875,22.4239229232708,18.723526267895107,19.454025598164453,2663103000,72.84848193183761,34.666666666666664,29.555555555555554
2021-08-23,22.39498710632324,22.99575205379953,21.745322841308937,22.15448202773699,1266859000,73.42046513453579,23.333333333333332,29.222222222222218
2021-08-30,22.2971305847168,22.942917269236624,21.935807666986182,22.4757940331067,920907000,72.71103178546835,22.333333333333332,26.77777777777777
2021-09-06,22.29912757873535,22.920961034122502,21.817033026636523,22.27018260134273,1109025000,72.71682555267665,17.666666666666668,21.111111111111104
2021-09-13,21.89987564086914,22.27916256353496,20.6232735597942,22.141422635403035,1273390000,69.53810934300687,20.666666666666668,20.222222222222218
2021-09-20,20.47854423522949,22.49276145412871,20.428636810279663,22.09850136400627,1272888000,59.55692425714137,20.666666666666668,19.66666666666666
2021-09-27,20.66119766235352,21.026510801831865,19.518343560449555,20.729069081431955,1384106000,60.344655576790586,20.0,20.44444444444444
2021-10-04,20.899751663208008,21.282035103044056,20.47255439781849,21.052464762165137,914351000,61.40206119182757,19.0,19.888888888888886
2021-10-11,22.061573028564453,22.39095443403753,21.08241081642821,21.248100048466664,967826000,66.13784450665247,18.333333333333332,19.111111111111104
2021-10-18,24.405168533325195,25.21165455766757,22.041607152326893,22.05558084939074,1399097000,73.26395891701232,48.333333333333336,28.555555555555554
2021-10-25,26.548141479492188,26.73379364392181,24.47703222041696,24.83136631410193,1326469000,77.85343649579468,65.0,43.888888888888886
2021-11-01,29.403779983520508,32.24943764070713,27.06716848510589,27.177960481216022,3790944000,82.23074047666772,77.0,63.444444444444436
2021-11-08,29.20615196228028,30.62249276949777,28.74601563317601,30.410890255425983,1823127000,81.03698978055309,89.66666666666667,77.22222222222221
2021-11-15,32.61275863647461,34.582060199698546,30.822120521176927,32.30633484110109,3037238000,85.06246039457064,39.666666666666664,68.77777777777777
2021-11-22,31.37607765197754,33.349371244153375,31.29123788992663,32.5388929841265,1844467000,78.54403134101523,42.0,57.11111111111111
2021-11-29,31.770235061645508,32.421093061232746,27.98887224510701,31.15930788844093,2744757000,79.09391943664892,37.333333333333336,39.666666666666664
2021-12-06,30.405630111694336,32.14857300616063,27.20225320941046,31.67839570674616,2941008000,72.19537452609556,61.666666666666664,46.99999999999999
2021-12-13,29.34848403930664,31.105400341916333,27.09743615709184,31.097414938579185,2802540000,67.29835759140727,31.333333333333332,43.444444444444436
2021-12-20,29.94843101501465,31.275102783088965,29.314543448020515,29.70286177241781,1510438000,68.60006544839052,33.333333333333336,42.11111111111111
2021-12-27,27.555633544921875,30.657189942937567,27.4847588010758,29.77473807303952,1992159000,58.58392940714134,66.33333333333333,43.666666666666664
2022-01-03,27.94994354248047,28.54489805797868,25.599068287400467,27.59157138820549,2246308000,59.62997645541707,35.666666666666664,45.11111111111111
2022-01-10,25.02307891845703,28.430099022377167,25.00810580961453,28.329276154557103,1848588000,49.613178618563886,57.0,52.99999999999999
2022-01-17,22.73209571838379,25.53417809140161,20.851398200784928,25.259660357918428,3488696000,43.45927487420504,70.33333333333333,54.333333333333336
2022-01-24,25.19777488708496,25.77176630577957,21.25868749503757,23.526708061587243,2744151000,50.56613200820475,56.333333333333336,61.22222222222222
2022-01-31,26.658206939697266,26.678172352297,23.59059155158964,24.41514443269451,2076516000,54.235368110142986,35.333333333333336,54.0
2022-02-07,26.46454429626465,26.877818399859034,23.71337313365855,25.94944964378672,2991641000,53.66651045795067,62.333333333333336,51.333333333333336
2022-02-14,22.347774505615234,25.73982153055452,22.26192664988864,25.58509242312855,2771783000,43.27548582679551,42.333333333333336,46.666666666666664
2022-02-21,24.177566528320312,24.621788499697946,20.85340067459495,20.97818167796904,2543684000,48.08678916993451,28.0,44.22222222222222
2022-02-28,22.97759056091309,24.28751518100752,20.6173302153464,24.223615350768384,2297540000,45.36905373330279,41.0,37.11111111111111
2022-03-07,24.457246780395508,24.55808682736305,21.125526135068043,22.495355325195835,2344047000,49.18290858619319,26.333333333333332,31.77777777777777
2022-03-14,25.59344482421875,27.19490720211301,23.868178080218616,24.08184020826185,2843514000,51.95647276110033,29.666666666666668,32.33333333333333
2022-03-21,27.646190643310547,28.900202069463347,25.866010682283378,26.12460168093748,2834360000,56.56856914836323,41.666666666666664,32.55555555555555
2022-03-28,24.368383407592773,28.20330587167565,23.9650232772106,27.738043562010883,2578243000,48.553346740548776,27.666666666666668,32.99999999999999
2022-04-04,22.167871475219727,24.68288713962155,21.24832907299569,24.402331576088464,2837181000,44.04175302734059,38.0,35.77777777777777
2022-04-11,21.448013305664062,22.740964539879894,21.04565102082992,22.46939361132104,2076553000,42.645724782779226,52.0,39.22222222222222
2022-04-18,18.385866165161133,22.35657335592357,18.261063930223024,21.674653380539773,3075091000,37.23837862707737,47.333333333333336,45.77777777777777
2022-04-25,20.30182838439941,20.3677239478754,18.36190359600197,18.93699059188527,2767417000,42.17856262848744,40.666666666666664,46.666666666666664
2022-05-02,16.60368537902832,19.89347175013821,16.541785112235157,19.83556486465455,3335724000,36.247782108914,34.666666666666664,40.888888888888886
2022-05-09,16.91120147705078,18.34193483737793,15.542371250574028,16.193339171184316,3031602000,37.040556828624574,24.666666666666668,33.33333333333332
2022-05-16,16.948143005371094,17.659016392021496,15.730072989021265,16.910203021277535,3369986000,37.14167959775064,49.666666666666664,36.33333333333333
2022-05-23,18.29101753234864,19.169626442474804,15.996652623522492,16.01063041464277,2943568000,40.860224316355975,23.666666666666668,32.666666666666664
2022-05-30,18.61849594116211,19.58795839568023,18.1592227606719,18.2630583037858,2422007000,41.76496987507134,20.0,31.11111111111111
2022-06-06,16.504344940185547,18.90704689251012,15.390872676931156,18.45566683686091,2498591000,37.749837330635984,24.0,22.555555555555554
2022-06-13,16.337570190429688,16.984680559848616,15.30698457567703,15.838254764318563,2096307000,37.44402903295619,18.0,20.66666666666666
2022-06-20,15.520691871643066,17.306240646011247,15.149202139419758,16.4963516970437,2307302000,35.90956714586201,19.666666666666668,20.55555555555555
2022-06-27,15.109256744384766,15.545657887625698,14.035730769798096,15.339939987916289,2444143000,35.12872261582794,17.333333333333332,18.33333333333333
2022-07-04,15.143208503723145,16.015012648167463,14.445167482793634,15.434808917928269,2378597000,35.25383895382416,18.666666666666668,18.555555555555554
2022-07-11,17.782583236694336,17.908411828651666,14.707805470745312,15.087284550101709,2975591000,44.254864686285934,57.333333333333336,31.111111111111104
2022-07-18,17.765609741210938,18.119122572352968,16.455408298804308,17.860478804723233,2542109000,44.21229739841064,48.333333333333336,41.44444444444444
2022-07-25,18.867095947265625,18.94199387860434,17.416089001674834,17.9503553246727,2294248000,47.72621343990146,44.0,49.888888888888886
2022-08-01,18.07218742370605,19.247573691126146,16.701070744139724,18.82315716820624,3043264000,45.49892328559229,54.666666666666664,48.99999999999999
2022-08-08,18.309860229492188,19.137724071824127,17.85148992353547,18.106141363333755,2343126000,46.30577626851251,39.0,45.888888888888886
2022-08-15,17.198392868041992,18.83914035649244,16.871841442272558,18.27591428880091,2159275000,43.0928796778057,44.0,45.888888888888886
2022-08-22,15.073304176330566,17.92239301072499,14.938489048973723,16.8209047161858,3139841000,37.7060022116256,56.0,46.333333333333336
2022-08-29,13.695199012756348,14.360286348710588,13.25180840782043,14.189520295276292,2970430000,34.67851668131763,19.333333333333332,39.77777777777778
2022-09-05,13.113898277282717,14.531373672283816,12.899129075962875,13.444542095063127,2899107000,33.45818696483482,23.666666666666668,32.99999999999999
2022-09-12,13.246753692626951,14.01592695660969,12.60344547366587,13.001018627812952,3096558000,34.02957224301473,24.333333333333332,22.44444444444444
2022-09-19,12.722317695617676,13.134874113802333,12.200878171050064,13.055958511487695,3066082000,32.83112719250754,18.666666666666668,22.222222222222218
2022-09-26,13.194808959960938,13.30668910117223,11.933166289229966,12.434626836496305,2737192000,35.05046620423285,17.666666666666668,20.222222222222218
2022-10-03,11.487645149230955,13.641329020477038,11.270878272272096,13.205797560031778,3175406000,31.05756075631157,20.333333333333332,18.888888888888886
2022-10-10,12.03805160522461,12.478577763400905,10.801381841682868,10.959212073064284,3326802000,33.68073964343665,18.333333333333332,18.77777777777777
2022-10-17,12.882146835327148,13.373617948238936,11.874230893282018,12.099987953085604,2817784000,37.60182045291776,15.333333333333334,17.999999999999993
2022-10-24,13.204798698425291,14.194734242960632,13.046968445359155,13.61535741285202,2695939000,39.08441351380748,17.666666666666668,17.111111111111107
2022-10-31,13.761202812194824,14.875004928949684,12.942083903392138,13.02899034741194,2572408000,41.65875738066224,18.0,16.999999999999996
2022-11-07,15.892908096313477,16.979738627227704,14.531372420056831,14.78410088702991,3079581000,50.321036374478325,38.666666666666664,24.77777777777777
2022-11-14,16.501253128051758,16.509245859928704,15.063799834950064,15.698117898041447,2507812000,52.489029407268994,11.0,22.555555555555554
2022-11-21,16.90481948852539,16.911811937747053,15.50332689215638,16.300469914025037,1335357000,53.92549654309198,12.666666666666666,20.77777777777777
2022-11-28,16.1068058013916,17.250867112450873,15.65417558335304,16.985086005653663,1919703000,50.663545517165815,13.0,12.222222222222216
2022-12-05,17.659528732299805,18.77461610605327,15.945932781378229,16.259676768072794,2591599000,56.21352726791398,14.666666666666666,13.444444444444438
2022-12-12,16.487491607666016,17.305821412009205,15.839023669161516,17.131964063174077,2039098000,51.50380776862858,12.333333333333334,13.333333333333329
2022-12-19,14.024508476257324,16.124787729980557,13.872632497198492,16.080823129256416,1730339000,43.29473598624873,12.666666666666666,13.22222222222222
2022-12-26,14.736924171447754,14.983722639250256,14.084458923034711,14.390209101110496,1498014000,45.97693300774444,14.333333333333334,13.111111111111107
2023-01-02,15.987897872924805,16.042853143990232,14.02250939280521,14.47913498129325,2035829000,50.41240394790439,2.6666666666666665,9.888888888888884
2023-01-09,17.36277198791504,17.858364231807297,15.47931430209524,16.086817207753953,1949422000,54.80434613663533,1.3333333333333333,6.111111111111106
2023-01-16,19.307178497314453,19.4790385499174,16.71730174328371,17.02205041182348,2618803000,60.17631861427061,3.0,2.3333333333333286
2023-01-23,20.92585182189941,21.17464657376228,18.934483739982458,19.68486824210416,2678782000,64.01127470883604,3.6666666666666665,2.666666666666662
2023-01-30,22.18682098388672,22.85927034310437,20.68305394603233,20.982807577684408,2669640000,66.70141374286622,3.0,3.2222222222222174
2023-02-06,22.745361328125,23.03012782457684,20.793961281425595,22.587491655208154,2645581000,67.84785798966934,2.6666666666666665,3.111111111111106
2023-02-13,20.73700714111328,22.53153617342675,20.404279605625497,22.11487777978788,1801113000,59.86642438800464,3.3333333333333335,2.999999999999995
2023-02-20,22.67941665649414,23.86844291377551,22.489571679600164,23.42080974590085,3076694000,64.24710105430998,2.6666666666666665,2.8888888888888844
2023-02-27,24.16119766235352,24.228142231184776,22.41362938931886,22.469585192133067,2267964000,67.18932931972586,1.6666666666666667,2.555555555555551
2023-03-06,24.212276458740234,24.438129615046275,22.28252993843678,24.15930945330148,2397409000,67.28925952792622,3.0,2.4444444444444398
2023-03-13,26.45082092285156,27.571093609171683,23.878490308302027,24.01140530912688,3209250000,71.40030962652075,4.0,2.8888888888888844
2023-03-20,26.96648597717285,27.481153025738813,25.83322309931136,27.09740147343264,2130633000,72.26503205102709,3.0,3.3333333333333286
2023-03-27,26.86355400085449,27.981827220229405,26.37786936739354,27.21132771219425,2080772000,71.79837556940824,3.3333333333333335,3.4444444444444398
2023-04-03,26.4778060913086,27.771965737364035,26.409849429063684,26.566747127351725,1553570000,69.97469786826971,1.6666666666666667,2.666666666666662
2023-04-10,27.91287040710449,28.09175507639218,26.20298053436128,26.716646848170026,2034218000,72.74792541727788,3.3333333333333335,2.7777777777777732
2023-04-17,26.93850326538086,28.01180748443035,26.207978735970443,27.65303933869507,1896962000,68.14565396152142,3.0,2.666666666666662
2023-04-24,27.78395652770996,29.0391419012669,26.60772035581156,27.3452422624662,2025823000,69.92364078854027,1.6666666666666667,2.666666666666662
2023-05-01,28.86625289916992,29.201034558050058,27.22232010163521,27.63305264746186,1712542000,72.07261589719948,3.0,2.555555555555551
2023-05-08,30.15841293334961,30.17939921213159,28.027796705422304,28.8772454073111,1772237000,74.42236401154753,4.0,2.8888888888888844
2023-05-15,30.51818084716797,31.8073426418686,29.786655566782457,30.390263660345887,2672305000,75.05175689169263,14.666666666666666,7.222222222222217
2023-05-22,37.80944442749024,41.91078092095992,36.61122129689267,38.49799642592217,4184289000,83.76890332870484,13.0,10.55555555555555
2023-05-29,37.45067596435547,40.47371416449321,37.33175371774166,38.46401778392279,2415425000,82.24609306138328,7.333333333333333,11.666666666666663
2023-06-05,42.97353363037109,42.97653034590361,37.484530616907016,37.70340904185116,2587863000,86.35750537158738,8.0,9.44444444444444
2023-06-12,43.0215072631836,43.96599505684189,42.0570375518233,42.57875204074218,2227087000,86.3869953547652,5.666666666666667,6.999999999999996
2023-06-19,41.09456634521485,43.40230461888229,40.07811913561611,42.22994429496917,2415013000,79.00014816839808,6.0,6.55555555555555
2023-06-26,42.29391860961914,43.15344630122736,40.57785231770392,41.53532993867391,1403489000,80.13852311403281,4.0,5.222222222222217
2023-07-03,43.87804412841797,43.91102706661548,41.32343912207707,41.82116847311252,1792892000,81.5603577923491,6.0,5.333333333333329
2023-07-10,47.05131530761719,48.061765310412525,44.46772655173388,44.493713342635424,2757433000,84.0270992695757,6.0,5.333333333333329
2023-07-17,45.42720031738281,47.06131036997566,44.015971977982325,46.481624997310725,2596468000,78.2569340788716,5.0,5.666666666666662
2023-07-24,44.24484634399414,47.36914014372966,43.363327623503565,46.493618667952056,1806225000,74.25901950948986,4.333333333333333,5.111111111111106
2023-07-31,42.53078079223633,45.61709322872964,42.11100798733163,43.77609928197597,1949288000,68.77374988189464,5.0,4.777777777777772
2023-08-07,43.46227264404297,45.24330181974965,40.2890057928248,42.13699594051412,2920039000,70.06772182281685,5.333333333333333,4.888888888888884
2023-08-14,47.090293884277344,48.16070867549717,41.63726948422715,43.946010483769605,3263075000,74.49994470212545,13.666666666666666,7.999999999999996
2023-08-21,49.23712158203125,50.23857379445415,44.86350966941445,50.18860183689469,4203180000,76.69868669125823,7.666666666666667,8.888888888888884
2023-08-28,47.03532028198242,49.772824061241366,46.55458376360872,49.35305507953018,1843723000,70.02940302867678,4.666666666666667,8.666666666666663
2023-09-04,45.46392822265625,46.58440726671287,44.291471317049925,45.50391060647448,2127976000,65.64241048479148,5.0,5.777777777777772
2023-09-11,42.21943283081055,45.96569781290133,41.98054512449538,45.92871620236135,2117371000,57.61672182995823,5.0,4.888888888888883
2023-09-18,42.44832611083984,42.85214210831798,40.96101643219448,41.5637377458882,2196280000,58.00679615147518,4.333333333333333,4.777777777777772
2023-09-25,44.020599365234375,45.15407293666119,42.09549285298086,42.44033044671274,2088462000,60.6835404566372,4.666666666666667,4.666666666666662
2023-10-02,46.78432083129883,46.83729768668541,43.86767308032797,44.02959679687481,1984313000,64.91682703922625,3.6666666666666665,4.222222222222217
2023-10-09,42.17645263671875,47.58694717875862,41.80562611222444,46.75533185514227,2770166000,54.39983978480068,5.0,4.444444444444439
2023-10-16,41.7596435546875,43.6767542332422,40.92603030421602,42.791166934537294,2256871000,53.55465226459412,4.0,4.222222222222217
2023-10-23,42.305397033691406,42.361370852066266,39.211829328992046,41.83361552857163,2301375000,54.55035561267488,4.333333333333333,4.444444444444439
2023-10-30,46.55242156982422,46.84528507821162,42.874126367420295,43.30792338529909,1924399000,61.472376567434594,4.333333333333333,4.222222222222217
2023-11-06,48.865352630615234,49.93685461268084,46.72834259255214,47.44500948948794,2238328000,64.63160062443191,5.333333333333333,4.666666666666661
2023-11-13,48.69343185424805,50.52458390999128,47.66790617394808,48.65645024518637,2544248000,64.21013500912164,6.666666666666667,5.444444444444439
2023-11-20,48.11769485473633,48.89833504051101,47.45100407649761,48.44754378721488,1473803000,62.7347483318016,5.0,5.666666666666662
2023-11-27,45.48191833496094,48.08771285631804,44.98914669486696,48.00175034847648,2085415000,56.35103601153559,5.666666666666667,5.777777777777772
2023-12-04,48.069950103759766,48.57576068141439,45.58688138191536,45.682846016822495,2039954000,60.59138869993063,5.0,5.222222222222217
2023-12-11,48.09293746948242,50.41406430428504,47.40419696841039,48.37183205176098,2146105000,60.627975133479325,5.666666666666667,5.444444444444439
2023-12-18,49.39844512939453,49.66134686842167,48.400818751982726,48.79267367197819,1030780000,62.743443610678085,5.666666666666667,5.444444444444439
2023-12-25,47.55114364624024,49.97823361939973,47.30223656751736,49.624366413492254,1368030000,57.99498874905347,4.666666666666667,5.333333333333328
2024-01-01,54.32959747314453,54.57950363229104,47.490166655312734,47.74906830746197,2670980000,67.66512676247046,10.0,6.777777777777772
2024-01-08,56.03196334838867,56.81366752629406,53.53989900144718,54.97835808606522,1873727000,69.56042310662461,8.666666666666666,7.7777777777777715
2024-01-15,61.33897018432617,62.82541162103335,56.08594133258278,57.238508486483205,2343031000,74.5654984410422,11.666666666666666,10.111111111111105
2024-01-22,61.50391006469727,63.46917185134686,60.550269523510245,62.32659925004566,2086349000,74.70470907059925,11.666666666666666,10.666666666666659
2024-01-29,70.07267761230469,70.1936343745623,61.62685262134235,62.07668060062852,2704488000,80.63466588270256,17.0,13.444444444444438
2024-02-05,73.87226867675781,74.58300039168816,69.42893708076085,70.04770045344783,2572266000,82.58431150660306,16.0,14.888888888888884
2024-02-12,67.4466781616211,74.37407766656385,66.22313849991595,73.84128056681826,2310580000,69.78831111373012,39.0,23.999999999999996
2024-02-19,77.63385772705078,82.36307752345441,74.1921489748623,74.99684719076252,2983276000,76.10868011572359,24.333333333333332,26.44444444444444
2024-02-26,88.66670227050781,89.69031997343406,78.32058880062125,79.06431282537174,2705199000,80.79472272447234,30.333333333333332,31.222222222222218
2024-03-04,90.85813903808594,97.36800054358244,84.13834744377264,90.12837552534263,3732540000,81.5680502971896,21.0,25.222222222222218
2024-03-11,90.34231567382812,92.37464499325252,84.98207750606369,89.54757865097496,3064614000,80.74389442958311,19.0,23.44444444444444
2024-03-18,90.22035217285156,96.73421045686982,89.09372349939157,92.26968178265776,2718942000,80.53669115618506,15.666666666666666,18.55555555555555
2024-03-25,88.93477630615234,92.19470680403576,87.59122360578517,89.970439139574,1690784000,78.25706828332498,14.0,16.222222222222218
2024-04-01,87.01040649414062,90.60422664712866,82.99472790976814,90.3762970979906,2053339000,74.84206975944171,13.0,14.222222222222216
2024-04-08,84.00739288330078,90.7091849507748,83.92241409948026,87.39127520675451,2167372000,69.72842833753602,14.333333333333334,13.777777777777773
2024-04-15,79.65082550048828,86.16168625905298,75.58116380887186,84.9420858479108,2869566000,63.00303385541783,12.0,13.111111111111107
2024-04-22,83.01371765136719,88.78981919567443,78.19729978852497,78.84208452109644,2288195000,65.74922918296276,9.333333333333334,11.888888888888886
2024-04-29,90.3823013305664,92.18970604243508,83.1726649301758,84.42125517051586,1915505000,70.85423793051521,10.333333333333334,10.555555555555552
2024-05-06,94.5988998413086,94.83082585877617,88.20200823998782,90.4992495908802,1717260000,73.30612610937841,10.0,9.888888888888884
2024-05-13,94.9188003540039,95.9884484917203,91.77583614748576,94.87882020799074,1880001000,73.48834752292788,31.0,17.111111111111107
2024-05-20,114.78727722167967,115.45405793078952,101.48664757608816,101.9944839331494,2474729000,81.79876690294874,27.666666666666668,22.888888888888886
2024-05-27,122.3997802734375,122.40877237466783,106.9048721028322,114.61233841311316,2470731000,83.88330449441608,44.333333333333336,34.33333333333333
2024-06-03,125.15886688232422,126.8383152823484,116.9715626057334,124.00724490439652,1913390900,84.57293241917753,43.666666666666664,38.55555555555555
2024-06-10,135.54660034179688,136.29641557179684,127.12867652360087,129.3581228693924,1152864400,86.85370668142853,40.333333333333336,42.77777777777777
2024-06-17,126.3688507080078,140.72530472123873,118.01091038921696,139.76554985254205,2438077400,76.14276495208273,32.333333333333336,38.77777777777777
2024-06-24,128.24839782714844,128.24839782714844,118.80072882483864,124.06942723814728,1287096900,76.77445906801682,20.0,30.888888888888886
2024-07-01,134.87677001953125,135.0667256558596,125.64904037562287,127.34861854772224,986199200,78.89661457713677,21.333333333333332,24.555555555555554
2024-07-08,117.96092224121094,136.11644320654827,116.6912385563928,135.7165478783474,1440645100,63.06074168763804,21.666666666666668,20.999999999999996
2024-07-15,114.22184753417967,124.65927744331552,113.41204956795865,121.8199732844734,1297960100,60.1851447921393,21.666666666666668,21.555555555555554
2024-07-22,116.99115753173828,118.31083191790376,102.51473034137916,113.0121426582683,1961625700,61.582448241591095,27.333333333333332,23.555555555555554
2024-07-29,98.88563537597656,120.13040005031536,90.66765930272408,117.5010431172465,2378784700,49.38058878467986,33.666666666666664,27.555555555555554
2024-08-05,118.05091094970705,118.57077948335262,97.4959710451042,101.97487068215236,1660207200,58.707344085017546,19.666666666666668,26.888888888888882
2024-08-12,128.46835327148438,129.96798385442,117.44107093870032,118.73075415532682,1496981200,62.72741510537494,20.333333333333332,24.555555555555554
2024-08-19,125.5790557861328,131.22765777061085,122.60978624415954,129.9879730157331,1782619800,60.95491814500439,33.666666666666664,24.555555555555554
2024-08-26,106.18383026123048,124.39934230016608,104.09434887245212,121.33009901509668,1636400300,50.6154446978958,26.333333333333332,26.77777777777777
2024-09-02,116.8812026977539,117.16113249890854,100.92512775678964,104.9641334117001,1704106900,55.135648631887655,16.666666666666668,25.555555555555554
2024-09-09,113.3420639038086,120.76023349237816,113.1920993442254,116.81120235175456,1396475900,53.39437295384546,14.666666666666666,19.222222222222218
2024-09-16,123.4901351928711,124.91990547833532,114.84152504491624,117.33112238528146,1521857000,57.53561385200125,15.333333333333334,15.555555555555552
2024-09-23,118.83087921142578,127.64946004303332,115.12147695024304,126.77960488096068,1324086200,55.11417666238219,14.333333333333334,14.777777777777773
2024-09-30,132.628662109375,134.4983717641675,120.32064415318848,120.90055271265514,1398960400,60.42578652459452,16.333333333333332,15.333333333333329
2024-10-07,135.6981658935547,139.57754654135988,128.71929314338695,131.88878130683227,1287579200,61.51680387237968,17.666666666666668,16.111111111111104
2024-10-14,139.5375518798828,144.39677084782866,136.84798207627813,139.31758604236114,1259322200,62.89475236482396,17.333333333333332,17.111111111111104
2024-10-21,139.3175811767578,144.1068191689584,136.78798938993828,140.7973540786478,888075400,62.75610692329576,16.333333333333332,17.111111111111104
2024-10-28,145.58656311035156,146.46642634688737,132.08873608094888,137.57785789851917,1067276900,65.11621373896175,19.333333333333332,17.66666666666666
2024-11-04,146.2464599609375,149.7458965843878,143.546897616971,146.36643576314356,955852700,65.36501655586599,21.666666666666668,19.111111111111104
2024-11-11,145.8665313720703,148.97603170447755,137.12793180531247,147.6162498652437,1204168800,65.07722944860379,29.333333333333332,23.44444444444444
2024-11-18,135.31822204589844,152.8654015502848,131.77879829463745,149.32597779902378,1398953300,57.50695081358635,17.333333333333332,22.77777777777777
2024-11-25,145.1166534423828,145.76654278655016,136.0281192415739,136.7579975484031,709184300,61.9364121416895,18.0,21.555555555555546
2024-12-02,139.28758239746094,146.5164148092146,133.7684663009198,145.08665222112847,945361500,58.05909976365774,21.333333333333332,18.888888888888882
2024-12-09,128.8981475830078,139.58716684614288,126.8483330736257,137.06739434289412,1165532200,51.83105079373501,19.666666666666668,19.66666666666666
2024-12-16,140.2071075439453,141.88694573903672,128.20821098225474,131.74787875470363,797458300,57.21156244982196,13.333333333333334,18.111111111111104
2024-12-23,134.27764892578125,140.83705872606544,133.8176997545706,139.68715528326595,610182100,53.81722685198354,16.333333333333332,16.44444444444444
2024-12-30,140.0971221923828,153.11592971189074,134.61763016675752,135.98749935881722,1272079200,56.54237594325248,26.0,18.555555555555554
2025-01-06,136.22747802734375,139.90713232246875,129.49808587527284,137.43735822195515,793219200,54.2500192597835,18.333333333333332,20.222222222222218
2025-01-13,147.05648803710938,147.77640781491758,133.47773453633656,138.62725502395014,845824800,59.23126311645512,19.666666666666668,21.33333333333333
2025-01-20,123.6886215209961,148.95630196886364,116.23930967299934,145.0366642821744,2256191000,47.27064977207525,100.0,46.0
2025-01-27,124.81851959228516,127.83823844698314,112.9996071365602,123.0886753662602,1673314900,47.81932710589402,35.0,51.55555555555555
2025-02-03,131.12794494628906,134.98759074377696,124.98850994794162,127.4082856696474,1035840000,50.89223798618366,20.333333333333332,51.77777777777778
2025-02-10,139.21719360351562,143.42681320950558,131.1579371574087,131.54790068682075,779622200,54.58493198874568,17.333333333333332,24.222222222222218
2025-02-17,131.26792907714844,141.44700107582003,124.42856159909375,140.0171246142083,1217484800,50.56132913434288,31.0,22.888888888888886
2025-02-24,117.28921508789062,134.99757777278177,110.09987390381195,134.9875841851306,1926149500,44.36783757947198,28.0,25.44444444444444
2025-03-03,115.72935485839844,116.74926533518672,104.76036239684572,113.51955899694772,1708148000,43.724198982558526,25.666666666666668,28.222222222222218
2025-03-10,117.5199966430664,122.88999938964844,113.79000091552734,117.02999877929688,1405241200,44.71567797696779,19.0,24.222222222222218
2025-03-17,113.76000213623048,122.22000122070312,112.70999908447266,116.5500030517578,1204691200,43.002438416678686,16.666666666666668,20.44444444444444
2025-03-24,110.41999816894533,114.4499969482422,103.6500015258789,111.3499984741211,1209202500,41.48202167225537,29.0,21.555555555555554
2025-03-31,114.33000183105467,115.0999984741211,86.62000274658203,103.51000213623048,2571246200,43.9791128935402,37.0,27.555555555555554
2025-04-07,104.48999786376952,114.29000091552734,99.1500015258789,109.37000274658205,1641918500,39.42014904061256,21.333333333333332,29.111111111111104
2025-04-14,102.70999908447266,104.8000030517578,95.04000091552734,104.4499969482422,1067865300,38.63984443997507,18.333333333333332,25.555555555555554
