Date,Close,High,Low,Open,Volume,RSI_14,Google stock,sell Google stock,buy Google stock
2014-12-29,24.86861228942871,26.36589028036732,24.796651262804016,26.25372964153895,169447946,,42,52,49
2015-01-05,24.857196807861328,25.058189168473927,24.196646350194417,24.714267599224105,247158716,,43,0,54
2015-01-12,25.709312438964844,25.77085148756733,24.70285465401473,25.09044985743777,190297030,,43,43,49
2015-01-19,25.310300827026367,26.90683440335572,25.310300827026367,25.88003008920608,201804538,,51,41,52
2015-01-26,25.943553924560547,26.792689062592665,24.873573411426783,25.35992870785771,326897039,,47,57,52
2015-02-02,26.599140167236328,26.72221825251447,25.910302304016,25.99467098933568,160174554,,50,54,57
2015-02-09,26.78425407409668,27.29542282140316,26.534773868048934,26.662666193218328,131808891,,42,42,47
2015-02-16,26.99120330810547,27.10782888247418,26.216012943617567,26.70187089106821,134448116,,45,55,64
2015-02-23,28.455228805541992,28.64083687810184,26.87358407975553,26.958448237301223,208659306,,48,50,43
2015-03-02,27.353981018066406,28.68053963437855,27.329167593098187,28.537113064366785,154478961,,43,50,43
2015-03-09,27.76688766479492,27.780783638733325,27.00857183781929,27.46961633379619,173484999,,42,0,45
2015-03-16,27.73140335083008,28.51577412262888,27.584751469675435,27.761427766409504,203870194,,41,48,40
2015-03-23,26.926189422607425,27.73711064075213,26.774326546731487,27.67209760388672,166174983,,40,37,42
2015-03-30,26.879039764404297,26.99020754981644,26.281518612885023,26.841323207700604,110444395,,45,58,40
2015-04-06,26.42841911315918,27.00063140909937,25.966383667950605,26.8502568462784,190712165,52.615712375878246,41,64,50
2015-04-13,26.767627716064453,26.852740559794515,25.85670482461393,26.29789821784728,171387256,56.050347438086426,52,64,54
2015-04-20,27.3245792388916,28.344558957020265,26.81055726918192,26.84877119916824,294103263,61.04336303203192,45,46,51
2015-04-27,26.087440490722656,27.300196558169905,25.93142969133477,27.26436506418769,162170000,47.998941287820365,44,60,40
2015-05-04,26.35616683959961,26.97125355677252,25.96452056187205,26.0759920968012,137314000,50.4746006685698,40,54,56
2015-05-11,26.83639144897461,27.018031967842795,26.31784756666615,26.56268819583773,175526000,54.631346230150015,37,53,36
2015-05-18,26.862266540527344,27.081228736345647,26.369101857445944,26.770699288806,131408000,54.85123018704917,35,49,38
2015-05-25,26.888145446777344,27.046893669889965,26.36313387913827,26.773687795670853,183750000,55.08569143645124,37,42,41
2015-06-01,26.70799827575684,26.90207871837804,26.02722271949764,26.761247194097976,150548000,53.02153017555471,32,0,34
2015-06-08,26.33824920654297,26.82195819793904,26.07649043628572,26.79433899998366,123440000,48.965860846379776,34,0,34
2015-06-15,26.76522827148437,27.058837684093,26.41438908509427,26.42483954134753,149220000,53.39879801456341,35,65,32
2015-06-22,25.96899604797364,26.91750442909292,25.789348829776664,26.81648336121648,191216000,45.467415404754426,35,46,32
2015-06-29,25.71967887878418,26.18497570166705,25.63756923809895,25.93117864268547,108206000,43.298762612524,43,0,30
2015-07-06,27.878952026367188,28.19162093788488,25.89484989884753,26.032697203670978,220684000,60.75676753192944,62,71,47
2015-07-13,32.948936462402344,33.772037497607094,28.11682428435968,28.12279651560504,582012000,77.93525034736018,68,35,52
2015-07-20,31.44754981994629,33.02507698427377,30.87874318095572,32.9076332233552,252652000,68.38814990511513,43,41,48
2015-07-27,32.037261962890625,32.24030268699831,30.95588539683304,31.35151069197252,166200000,69.94547619211502,40,0,46
2015-08-03,32.822540283203125,33.58592289630216,31.337075717816,32.09797148288863,255032000,71.92865188618643,56,47,58
2015-08-10,32.88922119140625,33.19278369878141,32.408500190939655,32.81069374637485,150494000,72.09702179688871,45,46,47
2015-08-17,31.28282928466797,32.9932300516364,28.119313987368585,32.61850195277126,413294000,62.38874508864062,85,66,90
2015-08-24,30.57219314575196,32.02780015497149,29.56496477624356,31.819286518211587,278488000,58.62770322698213,54,47,49
2015-08-31,30.491579055786133,31.17832687054035,29.62219788494058,30.704570940769763,156604000,58.1990891264874,43,30,53
2015-09-07,31.649093627929688,31.78445218074111,30.427381269081145,30.51048754406226,167040000,62.44465447801364,42,41,46
2015-09-14,30.97130584716797,32.391576936095326,30.62643889708379,31.73916853421809,264608000,58.68596875610678,49,57,53
2015-09-21,30.277591705322266,31.340060460062745,29.33007986850972,30.68665540744696,245294000,55.03466021458588,45,42,46
2015-09-28,31.96659469604492,32.377099281167915,29.85111464803456,30.275107061966484,212300000,61.341275384986815,49,0,56
2015-10-05,32.404518127441406,32.814081114350365,31.130553345898484,31.916830145569616,166584000,62.79819280811611,46,40,53
2015-10-12,31.97903251647949,33.18382484290657,31.935237418440146,32.57869314712803,185268000,60.41582135221074,65,56,54
2015-10-19,35.479454040527344,36.327936201373646,32.048704860015945,32.18256941951227,357324000,70.37358106249677,55,32,56
2015-10-26,36.23387908935547,36.48220319302279,35.12612692315107,35.3575328675654,170464000,72.00796794620268,51,60,54
2015-11-02,36.59666061401367,36.87533943290671,35.75564286836472,36.301557209691055,168348000,72.78545041472722,45,48,39
2015-11-09,36.82557678222656,36.89574385818403,35.39883611318687,36.37769738634312,180276000,73.28959218995173,56,47,57
2015-11-16,37.23115539550781,37.95562159648435,36.69767909974748,36.76287247726154,168182000,74.201456027327,37,33,47
2015-11-23,37.93930435180664,38.61485377453002,36.88878000840418,37.246586185815936,146022000,75.75763221830923,47,44,50
2015-11-30,37.4033432006836,38.26849291524526,36.67633693919269,38.11994646474661,233794000,72.20754108472065,47,58,49
2015-12-07,37.72581481933594,37.85022556133531,36.03781072235254,37.46505266811344,225696000,73.02655704226508,44,52,52
2015-12-14,37.338645935058594,37.95422999870566,36.7335142257759,37.94129079649942,183182000,70.34615827910409,36,49,41
2015-12-21,38.36826705932617,38.81515169225916,37.15501569693409,37.30082470301855,102016000,73.16682824590028,35,37,33
2015-12-28,37.00572204589844,38.29362062878137,36.27418635646477,38.29362062878137,173428000,64.4324135657379,49,49,48
2016-01-04,34.862876892089844,36.75093374238755,34.765836661726375,36.34336401551804,240628000,53.59618681672241,51,66,37
2016-01-11,34.757869720458984,35.92608447954487,33.504304828336224,35.1027366525826,230940000,53.12468549840153,49,47,46
2016-01-18,34.83450698852539,36.31200969706513,34.555828168609274,34.943491668711935,193232000,53.446574692377496,51,36,42
2016-01-25,36.176151275634766,39.30732038159528,35.44959308093225,35.940766391267346,476180000,58.78267581566495,71,70,59
2016-02-01,34.04475021362305,36.17864035389941,32.99671278089346,35.97012859911175,415374000,49.14515006942813,54,48,49
2016-02-08,35.25302505493164,35.32020791683216,33.28574608107793,33.590899410240446,203560000,53.77220462631895,43,0,45
2016-02-15,34.813114166259766,35.49388790357737,33.878541437171286,35.33265281773157,187904000,51.919993309296494,47,38,48
2016-02-22,35.7730598449707,35.83028771365568,34.36647226114098,34.83549931335342,202944000,55.52046621279596,48,40,42
2016-02-29,35.09577178955078,35.80292122385,34.105459603728264,35.76460098610681,208260000,52.53146571173665,44,0,46
2016-03-07,36.63100051879883,36.69967548895444,35.002213835816214,35.23909084753719,197360000,58.04512213936084,40,42,43
2016-03-14,36.729034423828125,37.11022833581675,36.4190023278812,36.6489123620489,187596000,58.3775894907284,42,44,43
2016-03-21,37.34959411621094,37.7153619597126,36.26622452647337,36.42795695394212,131648000,60.51081448180236,40,0,38
2016-03-28,37.10873794555664,37.46256136057367,36.59517156587068,37.28590023622027,132314000,59.24171417642712,40,0,43
2016-04-04,37.4088134765625,37.54118971768128,36.37819537721951,37.09281294457386,140484000,60.35725172774816,40,47,43
2016-04-11,37.45608901977539,38.3135275631404,37.28987646580313,37.52277450787373,161262000,60.54048765288238,46,33,49
2016-04-18,35.12562942504883,37.843256816977,34.455057531384035,37.590953757568286,336296000,48.61211672233961,49,54,39
2016-04-25,34.62101745605469,35.54016398110906,34.287597614106545,35.24605531731951,204752000,46.47675397221688,47,43,33
2016-05-02,35.59590148925781,36.05323471286007,34.622013892065766,34.72054622213862,165696000,50.95872435462347,43,45,39
2016-05-09,35.164939880371094,35.90592933999867,34.866354911301215,35.68398104044388,155206000,49.00511268856657,39,53,30
2016-05-16,36.09254837036133,36.204019898767385,34.67575891249144,34.9524482552748,167760000,53.16693107209025,36,0,31
2016-05-23,36.53445816040039,36.81214226231112,35.84422686237386,35.97311772473905,138688000,55.04905786831421,34,49,34
2016-05-30,36.24234008789063,36.4782223463309,35.5620600283636,36.45234394249481,141066000,53.51795196004864,35,0,34
2016-06-06,35.77654266357422,36.305041460587965,35.48790886917499,35.97311373604306,119696000,51.078368402865,34,0,32
2016-06-13,34.7086067199707,35.66358291516379,34.26032864498691,35.57699124872732,202346000,45.91103910218216,42,48,45
2016-06-20,34.04425048828125,34.932043734183125,33.007857650144985,34.708105944531646,267116000,42.99692210838934,39,68,45
2016-06-27,34.72402572631836,34.91860350563701,34.02135273895041,34.111923343755315,116338000,46.72321414619032,31,0,40
2016-07-04,35.68000411987305,36.02935121052192,34.24853644798794,34.7394592253681,125280000,51.52259652029202,37,31,47
2016-07-11,36.88479995727539,36.93157547934048,35.7322579276778,35.90891905119146,120844000,56.80390882828658,37,60,42
2016-07-18,36.91365814208984,37.04752268418978,36.540425969346295,36.843491070714585,120354000,56.924959840734864,43,0,38
2016-07-25,38.47675704956055,38.83754742002781,36.7907425337478,37.17591920021,262882000,62.97695107657683,36,39,29
2016-08-01,39.049049377441406,39.26104272938692,38.25854304063592,38.42898514887322,123094000,64.92027385568926,33,38,22
2016-08-08,38.811668395996094,39.3013496159493,38.48989306688383,39.06496998367121,92120000,63.43296737892176,31,47,32
2016-08-15,38.30058670043945,38.95847371397099,38.17269438836977,38.81664366470054,90650000,60.23343264557535,34,45,32
2016-08-22,38.17170333862305,38.62107486110947,37.9793617873197,38.16921269397925,106396000,59.4194934577855,34,0,34
2016-08-29,38.83356857299805,38.95200707614431,38.0348499852313,38.28118460688968,86686000,62.241309305715504,36,44,38
2016-09-05,37.94477462768555,38.83356641657519,37.52227628185313,38.74598001883968,138984000,56.55419174762367,37,0,36
2016-09-12,38.6280403137207,38.67481962995561,37.81887318329856,37.964682197232925,133472000,59.60957121734304,40,56,46
2016-09-19,38.89378356933594,39.30633078120495,38.47128516849677,38.81615214588196,133886000,60.76527158017922,38,35,45
2016-09-26,38.64048004150391,39.10478020145476,38.293619840238144,38.88780558749719,136828000,59.031413142144046,47,0,48
2016-10-03,39.121700286865234,39.42725225443136,38.355827092980704,38.7663847859249,109774000,61.29113981382232,40,0,48
2016-10-10,39.886077880859375,40.04034595983071,38.46779642190743,38.87685817364129,142690000,64.6285285500633,42,62,41
2016-10-17,39.76515197753906,40.64150195650054,39.51284892859172,39.97565699982303,158906000,63.69294236577751,48,37,59
2016-10-24,38.25381088256836,40.58228242428531,37.99254760214101,39.86119531470014,274504000,53.30648560022684,43,76,51
2016-10-31,39.08039474487305,39.59411294578013,37.35113573772228,38.18165176491709,192742000,57.3982675331852,63,54,55
2016-11-07,38.04380416870117,39.37201245614126,36.20551113974507,39.37201245614126,293760000,51.32415612990999,51,34,58
2016-11-14,37.8701286315918,38.66486444708976,37.5844828366969,38.16523204162703,145064000,50.36252711060702,37,0,40
2016-11-21,37.72332000732422,38.79275555248242,37.56357707355331,38.03285468816133,135702000,49.51793719901687,41,44,47
2016-11-28,38.37772750854492,38.38618658805618,36.67752846106948,37.69346846642818,186326000,53.279170747639405,45,33,48
2016-12-05,39.66562271118164,40.02940106567144,38.18065573109838,38.4419190110732,185270000,59.65073131884645,45,44,42
2016-12-12,39.54071807861328,39.960729600812336,39.12817089677711,39.67906275518629,149294000,58.81302556324716,37,0,47
2016-12-19,39.06745529174805,39.70493877548158,38.97539256832532,39.43123365623278,70770000,55.62546895488333,33,0,46
2016-12-26,39.15952682495117,39.38048042682272,38.33891252841339,38.98186715946943,104892000,56.12369012946159,38,0,47
2017-01-02,40.20507049560547,40.30738435208355,39.06596508978756,39.11871663802515,129854000,61.42084425963959,43,29,52
2017-01-09,40.11350631713867,40.369989561305886,39.77013146735209,40.16675143979908,102176000,60.7293646761643,41,77,54
2017-01-16,41.586524963378906,41.591502455467314,39.89553308022808,40.06622574941998,150428000,67.13873274060339,55,58,53
2017-01-23,39.59720230102539,41.89904771422719,39.33967116508914,41.69302280547819,267532000,54.259146490976896,56,55,60
2017-01-30,40.228458404541016,40.40064319459292,39.4133190319807,39.50289491237351,131530000,57.07326068499165,52,38,65
2017-02-06,40.755958557128906,40.95601121076818,40.03736210519217,40.284687643962926,114126000,59.32523870900003,51,46,70
2017-02-13,41.34218597412109,41.476054333839,40.7559656480437,40.803238541399935,102876000,61.72818219685166,47,0,58
2017-02-20,41.565128326416016,41.61563981181816,40.816670670689895,41.31033463475544,154476000,62.63230208854869,63,56,80
2017-02-27,41.57159805297852,41.7099427245543,40.92615284433491,41.49595611621457,99506000,62.65986980492348,53,61,71
2017-03-06,42.16030502319336,42.23420426124194,41.51386513581843,41.60294363577197,127010000,65.17733993956665,48,48,56
2017-03-13,41.283958435058594,42.473822068640025,41.16402782889454,42.25137638405899,155728000,58.82000673112333,50,62,49
2017-03-20,41.37453079223633,41.44196043815006,39.97913957353756,40.85648431327546,215384000,59.26226874140936,53,59,56
2017-03-27,41.37453079223633,41.92393053786137,41.17447811921603,41.47853798368682,134588000,59.26226874140936,50,49,53
2017-04-03,41.02170181274414,41.62235719669416,40.658424598216655,41.423796633940896,105416000,56.51985878359199,49,0,42
2017-04-10,41.712928771972656,41.912484078439554,40.878380583162254,40.91321543736381,76166000,60.38734811179469,45,0,44
2017-04-17,43.38102722167969,43.59601237829573,41.7681677544728,41.87366705771683,131286000,67.82509152755802,62,35,54
2017-04-24,46.13349151611328,46.18623926734003,43.31384648339533,43.47408680877681,210116000,75.87456017140103,57,55,58
2017-05-01,46.22007751464844,46.65402295357083,46.01156577257591,46.08521822954828,148378000,76.07731466115274,55,46,58
2017-05-08,45.76424026489258,46.933203076108846,45.69059159845552,46.04789659637928,126506000,72.61726787964709,53,63,52
2017-05-15,47.522911071777344,47.52938067295712,45.720944900922376,45.83291380256136,128118000,76.96931069112202,50,46,50
2017-05-22,48.01557540893555,48.73267980719322,47.54828721290982,47.64085110558763,136546000,78.02305434003347,44,44,45
2017-05-29,48.81578826904297,49.17956286485841,47.77422042367298,48.21911182242328,153642000,79.65159112670798,49,0,44
2017-06-05,47.31389617919922,48.99642903791627,45.54592206527221,48.88595224960756,241156000,69.27562431511716,52,65,38
2017-06-12,47.74635314941406,47.85434309817707,46.00410543791335,46.47836063180586,181786000,70.4685350961639,47,67,40
2017-06-19,46.80282211303711,48.43608506896455,45.5840920157265,47.709029471030014,187380000,64.57734477500804,58,37,45
2017-06-26,45.370601654052734,46.34349447770907,44.52858916186335,46.27680898972213,178262000,56.81317164558286,43,37,42
2017-07-03,46.969032287597656,47.09194710949065,44.772933127958304,44.99289196194695,138008000,62.26594129870913,42,47,50
2017-07-10,48.31565475463867,48.42264996302769,46.928229006397615,47.09145355498894,117850000,66.14419111678596,44,41,48
2017-07-17,47.166595458984375,49.077546250486144,46.8918462372672,48.52018481198267,266662000,60.43623135412988,62,59,56
2017-07-24,46.300201416015625,47.36465961573459,45.61793186372272,47.36465961573459,202632000,56.4786385056703,53,50,43
2017-07-31,45.92746353149414,46.57011812445506,45.64629407905648,46.29770769122953,111414000,54.81556890485129,52,50,46
2017-08-07,46.12950897216797,46.41515477088327,45.06554813657835,45.661226029817385,119708000,55.57912944034504,44,47,44
2017-08-14,46.13149642944336,46.27730543819291,44.957058853240376,46.07078697079568,116404000,55.587079994734296,41,43,45
2017-08-21,46.259395599365234,46.322595706648606,45.03668651910776,46.21410839044561,117940000,56.131232197060754,39,0,46
2017-08-28,46.17180633544922,46.90184991804863,45.74682113957509,46.36837741269215,107682000,55.62856934772486,42,40,36
2017-09-04,46.53409576416016,46.697817681923866,45.96329772333191,46.36688466587549,114564000,57.33064085450098,50,38,56
2017-09-11,46.35942077636719,46.47388032608279,45.315366073851386,46.34299998648693,156328000,56.21105892634046,50,52,53
2017-09-18,47.00187683105469,47.27110184404499,45.27057889425355,46.43008785656091,162128000,59.35499463611925,51,56,53
2017-09-25,47.35968399047852,47.90012350622911,46.80580790243656,46.84611761931064,114508000,61.03301157037288,60,54,58
2017-10-02,49.22932815551758,49.30198207906491,47.533856057844645,47.54928590448429,118816000,68.37912531954615,55,58,51
2017-10-09,49.40649032592773,49.625454445470176,48.96806851395582,49.13975594435029,113810000,68.97596245947835,55,71,61
2017-10-16,48.43707656860352,49.31641072410581,47.79959689333322,49.06758927363432,127974000,62.07196925601431,64,59,56
2017-10-23,51.03328704833984,52.17238871562505,48.38084916128189,48.769010062468034,239980000,70.56832925680357,63,69,71
2017-10-30,51.74739837646485,51.93013422617837,50.41172574563853,50.84716329253122,109032000,72.3997824500368,62,56,66
2017-11-06,50.80486297607422,51.45577922068416,50.46845513054242,51.45577922068416,93284000,66.51641251161942,58,98,59
2017-11-13,51.55381774902344,51.74023262350432,50.63516855831649,50.88498476457514,106472000,68.69345377050055,47,55,48
2017-11-20,50.84218597412109,52.86834042854535,50.54310361645364,51.54933536811705,114574000,64.40835065640272,71,58,85
2017-11-27,50.678958892822266,51.182076679439504,49.1810564230232,50.87751945249527,177586000,63.43095868602863,66,89,81
2017-12-04,51.78522109985352,52.26793536480295,50.663584350646666,50.78097875895433,130080000,67.07741534628903,60,73,71
2017-12-11,52.99648666381836,53.67029335688907,51.90963161949108,52.00368762417602,179930000,70.54111170162345,56,35,75
2017-12-18,52.22115707397461,53.21445350687925,52.15547011737464,52.996487927349314,75666000,65.77116940899128,42,72,68
2017-12-25,53.86885070800781,54.05845101808457,51.99223742628708,52.33213066508323,87848000,70.35836967015082,57,89,62
2018-01-01,54.87060928344727,55.30156673529316,53.94459445147277,54.14355367328164,105532000,72.74949065538581,64,64,78
2018-01-08,56.33218383789063,56.7268143198363,54.7203191653278,55.05423638927085,109534000,75.81490916286327,61,56,66
2018-01-15,57.93758392333984,58.71490044044776,55.611599010270496,56.30381976850133,146882000,78.6551504751854,63,66,71
2018-01-22,58.22124099731445,59.06474564663519,57.63252625831621,58.35012806123705,159464000,79.1216999156521,79,66,73
2018-01-29,52.18184661865234,58.42328456396731,50.91569169116612,57.8564692599844,337710000,52.7065281067117,100,100,100
2018-02-05,53.23286437988281,53.33338618548109,49.394044602636896,52.5217322136882,224872000,55.49138726948305,67,32,56
2018-02-12,55.3050537109375,56.43121996544017,52.96612953537862,53.69915739830772,129178000,60.437761363639794,54,61,48
2018-02-19,54.97610855102539,56.93234283567388,54.86961451043471,55.54640921568673,155880000,59.310936470391546,61,35,54
2018-02-26,55.22045135498047,55.348844847283,52.15870489424755,55.13237137662856,176300000,59.90887568269776,59,39,56
2018-03-05,57.203556060791016,58.57506213589424,55.37770478382349,55.50311025577571,177080000,64.47217295579313,57,36,43
2018-03-12,54.28687286376953,57.78032849956446,53.91762340460933,57.226949782053616,220082000,54.624256368801866,73,54,60
2018-03-19,49.99121856689453,53.8897530790075,48.80085753468074,53.83899480646802,279068000,43.97137981516087,68,58,55
2018-03-26,51.01536560058594,51.90415739309394,49.2850624965375,50.343051057200846,203340000,46.64309206864864,64,45,50
2018-04-02,50.758087158203125,51.893707179365705,49.915079906530295,51.82105325492097,166388000,46.049037848848215,58,51,39
2018-04-09,53.35130310058594,53.63993690995318,50.83099103919181,51.010389583381794,149112000,52.60174916964908,52,54,42
2018-04-16,50.81829833984375,54.450345258892014,50.29129542377232,53.21793562268388,262602000,46.6425715002151,66,46,35
2018-04-23,50.9775505065918,52.227626322339695,50.17285966585925,51.23283778738303,168032000,47.04873093709094,52,0,42
2018-04-30,53.88278579711914,54.01615297710224,50.07730877276485,50.70981478281192,169408000,53.937336917788734,56,56,49
2018-05-07,53.83352279663086,55.27568958640531,53.42047823367755,54.04551614360265,136140000,53.809505324114056,48,37,43
2018-05-14,53.73001480102539,54.14355674765351,52.78399502745156,53.73996598988808,115658000,53.5224783974237,43,0,30
2018-05-21,53.13831329345703,53.87283325080293,52.512280652799696,53.69567476112683,93396000,51.82078585163266,39,31,36
2018-05-28,56.57603454589844,57.016844486477,53.12637014850859,53.12637014850859,215514000,59.81478110165011,44,30,35
2018-06-04,56.47202301025391,57.05476552241575,55.34535939105416,56.29934464091968,126170000,59.49314364110701,41,0,34
2018-06-11,58.21626281738281,59.03468636167805,56.76314633013273,56.92288929014255,162982000,63.07860899359621,40,43,33
2018-06-18,54.93878555297852,58.58725330111831,54.92086885841928,58.465579999457006,151270000,53.49651066005235,37,28,33
2018-06-25,54.884544372558594,56.52328225230816,54.43218483249381,54.84473202510701,85676000,53.352065205875306,36,0,31
2018-07-02,57.42301940917969,57.94007116060938,55.16272523272073,55.26474294817127,97804000,58.93971105370035,39,43,29
2018-07-09,59.51212692260742,59.94109492481736,57.524292450354295,57.72111033843191,130670000,62.880401314369735,45,32,33
2018-07-16,62.88713836669922,63.001594114322366,58.77162921364184,59.26927214313366,211786000,68.1915865592245,69,44,44
2018-07-23,60.71293258666992,63.394232837445294,59.99582820944652,62.25512748378773,191960000,62.033774066355896,54,32,41
2018-07-30,61.98690032958984,62.52883573513277,59.955521498163975,60.01075989449322,131338000,64.08053890147329,48,41,31
2018-08-06,60.43276596069336,62.48116170871749,60.19041029177476,62.20039088371789,122630000,59.84222546043006,45,49,31
2018-08-13,60.08192443847656,61.01102217465483,59.131921993742495,60.94782206956587,113932000,58.89521659512627,40,38,37
2018-08-20,62.1705322265625,62.2382124556624,59.92815479423391,60.07246790475152,113968000,62.68140469901466,47,47,53
2018-08-27,59.04433822631836,62.38625918057271,57.82610553860058,61.91822303968566,140802000,54.57794108770459,52,32,49
2018-09-03,57.86691665649414,59.03538209651149,57.32846661732928,59.03538209651149,138200000,51.858660595517286,52,41,45
2018-09-10,58.27846145629883,58.743012184970326,57.42948205285719,58.26104213282352,121534000,52.74490862054373,50,37,45
2018-09-17,58.74625396728516,59.43001185223733,57.07516810293332,58.72137030128124,186840000,53.786334480754256,51,40,53
2018-09-24,59.86395263671875,60.21280231948428,58.902506934444126,59.05677502079541,138862000,56.266335027187374,57,44,45
2018-10-01,53.80615234375,59.59324116787674,53.801672220716256,59.484753849600175,186212000,42.84592501079047,65,64,52
2018-10-08,55.52152633666992,56.18339237050668,53.16170508069547,53.39410196888856,196368000,46.72118019248019,56,60,48
2018-10-15,52.287841796875,55.82757557186624,52.18980683465295,55.82757557186624,174148000,41.06814482584674,64,83,48
2018-10-22,53.58469772338867,55.28713296986822,49.55677504396751,53.33687100224935,327132000,43.99482215018508,62,48,53
2018-10-29,54.41178131103516,54.51479376683245,50.821289226109535,53.53642981662473,181082000,45.84208633713982,51,40,39
2018-11-05,51.93700408935547,54.40581389413572,51.306988675912585,54.31175788590838,147656000,41.43786082942125,49,60,42
2018-11-12,51.635929107666016,53.33985650384184,49.56623005565966,51.98925513412721,186724000,40.92275873202805,45,39,44
2018-11-19,54.05546951293945,54.08582424390824,50.878963666020496,51.25722272004913,138258000,46.66105904313583,54,49,33
2018-11-26,52.29331588745117,55.967411533722206,52.251514062652014,53.5503624423198,167710000,43.35791842629537,52,46,41
2018-12-03,52.93328475952149,53.82755150203669,50.923307901444815,51.46922229213202,191932000,44.88390487826148,46,36,32
2018-12-10,50.90937042236328,53.73349176071882,50.15743116844296,53.15174781573809,201472000,41.1117032165886,49,0,37
2018-12-17,51.72799301147461,51.75486615567206,48.27684041113872,50.666522799247,224662000,43.1913751289048,43,0,46
2018-12-24,52.04598236083984,52.52919395196429,49.61499572565745,50.61774586773127,131010000,44.01841145179375,43,37,39
2018-12-31,53.47969436645508,53.97235978150657,50.46447313658032,51.80462588053751,177622000,47.714366756290445,46,32,37
2019-01-07,53.7937126159668,54.36127588569671,51.81732524584713,53.131349179789495,138338000,48.51610125163676,41,39,36
2019-01-14,53.52498245239258,55.15635469857808,52.73771093991808,53.71906289942411,115576000,47.84004015623601,40,44,33
2019-01-21,54.1963005065918,54.4421377562465,52.54437670019776,53.570267882328245,121326000,49.72477670798972,48,28,31
2019-01-28,55.49863815307617,57.07964704126711,54.51230866442019,54.89002101443829,224696000,53.253687756795806,59,44,41
2019-02-04,55.74396896362305,56.46903506533117,54.04402056013459,54.947741047909126,136894000,53.90999417088744,45,38,39
2019-02-11,55.427467346191406,56.31675652447444,55.00347688225316,55.6389671069585,90632000,52.87854620674387,41,42,32
2019-02-18,55.53944396972656,55.71162497050288,54.36848787287046,55.28017013594457,126348000,53.21956507665232,44,58,44
2019-02-25,57.62008666992188,58.20481484304467,55.28862692760789,55.30305823867439,139626000,59.137134607717385,42,53,37
2019-03-04,59.38473129272461,59.76343838281658,55.90023576162211,57.51359266142995,150944000,63.36935358647956,47,39,34
2019-03-11,60.91000747680664,61.067757167986485,58.59352944290726,59.44394793259392,173506000,66.59032912185882,52,28,40
2019-03-18,58.37451553344727,61.29916266602566,57.69523015862657,60.5133832467012,154328000,57.53375416386488,46,48,39
2019-03-25,60.011756896972656,60.52830745751708,57.69826326870772,58.30085876320106,106526000,61.20307190853695,50,64,39
2019-04-01,59.82464599609375,60.52433109614877,59.37278383274013,60.01275420927333,86368000,60.55906331036817,44,62,39
2019-04-08,61.52558517456055,61.73558902567717,59.72361909511741,59.9142179403934,98184000,64.24255198523083,40,50,35
2019-04-15,62.50395202636719,63.15088936210245,61.125980133242514,61.6669170025506,89556000,66.19802498372536,49,50,38
2019-04-22,58.1286735534668,64.15960974344394,58.0838875130724,62.9403823109471,273886000,52.39777869730724,76,35,57
2019-04-29,58.03860092163086,59.26180732354816,57.47785660592675,58.112750750231605,167002000,52.15671938808093,59,50,42
2019-05-06,57.93608474731445,58.3536094015527,55.5700939886317,57.67830684061712,169734000,51.86426142507933,56,47,42
2019-05-13,57.29960250854492,59.12794446092653,56.30546323693852,57.951016174982406,123352000,49.9900634952655,52,41,36
2019-05-20,55.55984115600586,57.307909040960425,55.1497808543512,56.75617435542883,104282000,45.18369491250893,38,34,30
2019-05-27,51.86534118652344,55.89177180887543,51.00840000568058,55.514059490926535,251844000,37.03948444428415,57,49,34
2019-06-03,53.59763717651367,54.8397512086604,51.44135030072927,52.0031880671613,149350000,42.29185631101994,44,25,29
2019-06-10,54.85667419433594,55.55635927615445,53.75290101654197,53.92657791389613,116726000,45.82901853046008,41,31,35
2019-06-17,53.7354850769043,55.9405407710562,53.359264866516185,55.735510608868125,159260000,43.284667564554816,39,38,28
2019-06-24,55.81463623046875,56.0724179499405,53.41550000785238,53.94449622226853,117848000,48.945289523017976,33,31,31
2019-07-01,56.75518035888672,56.83331294307497,55.09753488259576,55.62652729342064,100812000,51.31261470554327,38,0,28
2019-07-08,57.04729843139648,57.65591552310684,56.67058084963664,56.89302654109345,107442000,52.05617925222596,36,0,24
2019-07-15,56.62231063842773,57.28566877047997,55.94701183978913,56.81788698729806,138458000,50.8396912231783,50,0,33
2019-07-22,60.54721832275391,62.97919978499695,55.781791521015016,56.62280547261423,248362000,60.1107458530227,42,28,26
2019-07-29,58.42278289794922,61.41461268519768,56.738260530481234,60.41534408005522,181896000,54.1572764563048,42,0,30
2019-08-05,57.94007110595703,59.96647248770164,57.75345500081766,58.862699276969465,128196000,52.87581905600079,45,53,28
2019-08-12,59.28171157836914,60.06500027239091,57.83157941150398,57.90075174553231,108396000,55.99259808729183,44,0,26
2019-08-19,58.27498245239258,59.61822201799438,57.11696939247904,59.42204958486999,114796000,53.15179395070724,38,38,31
2019-08-26,58.79203414916992,59.64250575358253,57.88582677832319,58.77760283798354,95340000,54.430557949144735,35,40,27
2019-09-02,60.72089767456055,60.84182682235537,59.29564908611121,59.29564908611121,130384000,58.93388296952416,44,58,34
2019-09-09,61.33000946044922,61.80028186562793,60.53975378313874,60.92642254266028,123416000,60.26914850563051,42,38,35
2019-09-16,62.03218460083008,62.12076573793511,60.21927259268794,61.31259337389958,147292000,61.810702698465214,44,31,37
2019-09-23,58.554161071777344,61.95654478167202,58.28841765138535,61.80526090572816,143692000,51.21156122060773,43,33,30
2019-09-30,59.83211135864258,60.62306189209857,57.847507979086686,58.72186853183703,110670000,54.31167993825832,41,44,39
2019-10-07,61.88886260986328,62.44124654852317,59.58477728326383,59.646485278006,109262000,58.84424899013115,44,40,32
2019-10-14,62.65971374511719,62.86847227636024,61.73757920065481,62.25164670416942,105354000,60.428749712413335,52,30,38
2019-10-21,62.7672004699707,64.65923975464219,62.20586009681004,62.7477916678307,162994000,60.65621078989521,61,41,53
2019-10-28,64.28550720214844,64.64033291323805,62.247313385700615,62.76670387188726,141250000,63.81985069834219,53,32,49
2019-11-04,64.59405517578125,65.8749830621989,64.37061094417324,64.40892738516739,124118000,64.44553162248936,49,42,45
2019-11-11,64.8453598022461,66.46165906126964,64.25317108075274,64.5691716147513,140826000,64.97678419800414,50,60,48
2019-11-18,65.34001159667969,65.60724710343538,64.26610346783502,64.76722414617545,109654000,66.05202208446237,38,32,42
2019-11-25,65.71573638916016,65.97749704232136,63.64852810259946,65.04790198196375,95584000,66.88368155276942,55,82,43
2019-12-02,66.93396759033203,67.65207051665769,65.51170327214479,66.08698140449717,116526000,69.49326895426805,44,51,37
2019-12-09,67.31217956542969,67.92826483750407,66.70904108987571,66.97975442873148,152090000,70.27637716815903,46,0,40
2019-12-16,66.86132049560547,67.86058539576221,66.82250288587872,67.27237559485002,120310000,68.0343315406816,34,49,40
2019-12-23,66.53585815429688,67.90487748492401,66.1409770613322,66.99120572310484,74372000,66.38780769062038,41,35,39
2019-12-30,69.88499450683594,70.24628223696304,66.76128586347674,66.76128586347674,147120000,73.49611519902987,25,23,23
2020-01-06,71.62077331542969,71.7501577503537,70.18108957085238,70.69366880148068,156310000,76.29425386592318,25,30,21
2020-01-13,73.94725036621094,74.80637844327426,71.70636131896829,72.03082851240758,144348000,79.42901127900102,24,22,23
2020-01-20,72.58769989013672,74.4235025000032,70.7250165412007,74.03136263361094,150922000,73.32670857620144,27,26,24
2020-01-27,72.07013702392578,74.14879239752527,70.97880954170255,71.65858840938685,254252000,71.08767124718632,37,34,35
2020-02-03,75.55563354492188,76.12095672165356,72.13682893362747,72.17465180221268,135676000,76.32959855564043,30,25,28
2020-02-10,75.97464752197266,76.24416865845099,74.87535453141558,75.27794290166996,83946000,76.8724562179978,28,26,22
2020-02-17,69.33061981201172,76.1214614222491,68.6249624458566,75.74125842727021,207522000,55.23943468498096,44,50,39
2020-02-24,68.99918365478516,70.17511717376871,63.25041537646536,67.78194947837918,270290000,54.416752340567065,40,39,37
2020-03-02,60.48401641845703,67.62519513308683,59.521575983051314,67.19174706995427,276144000,38.53712662473094,73,60,87
2020-03-09,54.58147811889648,60.700494559071565,51.61950559200986,56.03459460068032,405482000,31.64382955874557,77,54,100
2020-03-16,54.8646354675293,57.62555670203439,50.4379020656445,54.39486042178758,374460000,32.2697284587386,58,37,73
2020-03-23,55.0203971862793,58.48847172957154,54.41874705170317,55.32794243794886,283698000,32.6351359770583,45,49,57
2020-03-30,60.22872543334961,60.96125585010813,53.73597991107262,54.65412788137117,226108000,43.59350827246853,40,34,47
2020-04-06,62.825927734375,63.801307420491455,59.09997665000158,60.9154742805613,161146000,48.12520772484091,43,46,55
2020-04-13,62.86275100708008,64.41638923003246,60.20036213870567,63.40468639577863,208160000,48.18876382680424,41,33,53
2020-04-20,66.75779724121094,67.67893321616539,61.319558729542514,63.27778232558525,231026000,54.53418917664691,77,100,83
2020-04-27,67.04743194580078,68.37315348207125,64.64381560693721,65.93172186809926,182246000,54.97576550847054,59,95,71
2020-05-04,67.14845275878906,70.4926138535386,66.10688495282199,67.97503541728962,147996000,55.13942103103227,35,43,37
2020-05-11,70.00442504882812,70.18855809713762,65.88344860787369,66.43632613879925,161384000,59.60927921504017,35,45,39
2020-05-18,70.55780029296875,71.71034600498756,69.23655898108824,70.06812289162369,128816000,60.43194603586847,31,28,28
2020-05-25,71.48043823242188,71.9866389762385,69.47095879646541,69.51375536115873,145290000,61.82794217631245,32,48,34
2020-06-01,72.9469985961914,73.36546488374049,69.90540498579188,71.18284757328904,151156000,64.00200059272012,37,36,38
2020-06-08,72.2139663696289,72.65587356967254,68.97431337080744,71.78400363356336,174008000,62.098238285395055,31,25,28
2020-06-15,71.260986328125,73.44916969488769,70.73248364105814,72.11643171194977,189360000,59.61553927128881,31,39,29
2020-06-22,71.56304931640625,71.80988132033555,67.03300698846306,71.1579702515686,222520000,60.159253442941775,30,26,25
2020-06-29,74.4473876953125,75.48247833989012,71.98007008331875,72.0059484884475,122620000,65.00436342933872,31,29,28
2020-07-06,75.3252182006836,78.48485116255978,73.8253263455941,74.96741587585475,166434000,66.34578350014702,33,39,31
2020-07-13,78.0547866821289,78.975429036684,73.96515638813413,74.6464311230307,133630000,70.17413620069998,32,22,25
2020-07-20,75.74224090576172,78.22299101049556,74.06916575638412,77.97915085474509,144526000,63.57565026309224,39,20,32
2020-07-27,73.3331527709961,76.5310111385997,72.35877166310307,74.49714178001123,226490000,57.5089859651734,34,32,34
2020-08-03,74.97588348388672,75.48471914845257,72.95445958063229,73.24060275848387,155078000,60.29152180991073,32,30,28
2020-08-10,77.01173400878906,78.31306532114763,74.78975270865921,75.16099540227565,157520000,63.483074862909405,33,36,29
2020-08-17,82.22952270507812,82.56990571830403,76.54743630506891,76.8086957962805,216076000,70.11322248347612,33,33,34
2020-08-24,86.00662994384766,86.25047010892284,80.90429423256259,82.29421050983254,190410000,73.81895064190805,38,41,37
2020-08-31,77.48100280761719,85.08269952856662,76.04032459241796,85.08269952856662,202040000,56.722633789939465,31,34,25
2020-09-07,75.68650817871094,78.83066582872308,74.51505482745117,77.66414061234825,151102000,53.893387938374,32,31,26
2020-09-14,70.42693328857422,75.05939613121465,69.99597578561351,74.44739607996503,222262000,46.56268706836686,35,30,25
2020-09-21,73.13361358642578,74.136363858657,70.16019382875089,70.21891381553795,149218000,50.30863664195872,29,23,26
2020-09-28,72.67030334472656,74.5986697106075,71.46152823492042,73.86364860772909,143370000,49.66683120800301,25,17,21
2020-10-05,78.03439331054688,79.31731826522811,72.90917068644733,72.90917068644733,172720000,56.57426670867381,25,24,24
2020-10-12,79.2899398803711,80.55495187189551,75.9238870410387,76.99282152843543,187836000,58.0262505631861,27,29,23
2020-10-19,75.47351837158203,81.73087512065813,75.37399131080028,79.27699811538547,154514000,52.30173292955277,30,24,20
2020-10-26,87.0442123413086,88.15072670787647,75.75319455850159,75.75916299311675,282004000,63.92257657256401,27,25,21
2020-11-02,87.22238159179688,90.47448031790562,85.46022760145189,88.63021857622758,197902000,64.06774679341027,31,29,24
2020-11-09,86.92727661132812,89.52945367518497,86.81630623707748,86.96957960537154,126296000,63.61118039279884,28,25,30
2020-11-16,88.15396118164062,88.50778456369889,85.48112000333732,86.50924740613036,166976000,64.73613614431484,26,36,28
2020-11-23,90.96663665771484,91.34982383230648,87.33633246722589,88.23657136470943,113352000,67.2371738386118,29,31,31
2020-11-30,88.78596496582031,91.92460231623156,87.97381741715317,90.7705682440946,130606000,63.47819195973708,30,45,32
2020-12-07,87.73445129394531,89.44584304553801,86.60579444017195,88.07284484619076,143590000,61.68731411343613,30,27,28
2020-12-14,86.2106704711914,88.17158228867463,84.54953202838814,88.00865009098204,188800000,59.08585385981826,24,26,25
2020-12-21,86.56598663330078,89.19951689905781,85.87326847927733,86.34105407944023,86906000,59.51459676373696,25,18,30
2020-12-28,86.35548400878906,87.61750423959676,84.54953130442127,86.3619536099097,133224000,59.11933913621615,32,37,38
2021-01-04,87.30647277832031,90.06540061887988,85.8588312634602,86.59284999488607,159528000,60.39891604543397,39,42,38
2021-01-11,93.90025329589844,94.73679100761188,85.67172495824674,87.26766632873911,134932000,67.90102592316344,32,42,36
2021-01-18,91.10796356201172,96.2869321638962,90.02359923762432,94.45262568559644,186494000,62.50125013565955,52,76,69
2021-01-25,103.01557159423828,105.3261227909704,90.083325052909,91.76236877049756,227596000,72.53270658414702,52,52,59
2021-02-01,104.2751007080078,105.67681722462868,101.64804783060949,102.95685115681792,133094000,73.34496609535373,38,40,40
2021-02-08,105.9138412475586,107.12660292229734,103.3763603862326,104.48063474601072,80122000,74.40547116284212,34,33,35
2021-02-15,104.2646484375,106.134044145273,99.62910352863938,105.02206252387178,137244000,71.32972848837963,36,39,35
2021-02-22,100.85779571533205,104.72248644461222,100.02623174377044,102.88518802714673,158704000,65.32249513683766,32,45,28
2021-03-01,102.26712036132812,105.93872536610736,100.53730693633014,100.69158262664148,178530000,66.57649723762995,34,38,28
2021-03-08,104.06111907958984,105.78396170462956,101.69382976879388,103.21413287470202,141072000,68.15514577950871,28,30,25
2021-03-15,101.77096557617188,103.42065313930686,100.40842351779612,102.56421310108716,163042000,63.99951169730929,28,26,26
2021-03-22,102.94391632080078,104.17294313992626,100.06255940268667,101.75852893678048,132774000,65.17084750760523,25,20,21
2021-03-29,111.95374298095705,112.21848788242524,104.35025270524666,104.40300425638677,130136000,72.55710303702904,27,22,21
2021-04-05,112.21051025390624,113.91245568157476,111.39562151069796,113.36106648901708,122902000,72.73456357398729,29,27,28
2021-04-12,114.12394714355467,115.3760199120928,112.39613091672372,113.31229320571607,120460000,74.07971379167344,27,26,24
2021-04-19,118.43453979492188,122.04085649592916,112.29064351002296,114.12097114828134,162300000,76.85052538790853,34,26,29
2021-04-26,117.281494140625,121.25168773014192,115.04011154882537,119.94836689127636,169410000,74.55471241453225,28,35,29
2021-05-03,111.42623901367188,120.25094221696524,110.97686749461866,116.97793903629255,136940000,64.08509730926716,28,45,27
2021-05-10,114.89131927490234,116.60520160688232,111.60737414328848,112.52153938508415,109788000,67.0353314783377,24,27,23
2021-05-17,121.10289764404295,121.57138180582484,115.50739893224728,115.85326441138432,108602000,71.54741273640798,24,20,15
2021-05-24,120.49329376220705,121.52440544721397,119.53383367054074,121.2725997576454,99394000,70.5271431756831,25,19,24
2021-05-31,123.9827651977539,124.65955991861408,118.5798583215934,119.1864821663586,113330000,72.90863195544487,25,32,21
2021-06-07,125.1039581298828,126.26396069977676,123.56469416099482,124.11265117605522,127522000,73.64549463667261,25,27,22
2021-06-14,125.86534118652344,127.19354569347414,124.01559724527095,124.93126598082632,145996000,74.15949585476133,23,23,20
2021-06-21,124.7252426147461,126.93427723541704,124.16937328438868,126.45454721132012,125484000,71.8982313645827,22,20,17
2021-06-28,129.46429443359375,130.02403641573528,124.261186162883,124.261186162883,76310000,75.273312882674,22,13,15
2021-07-05,131.45985412597656,132.36904573012336,127.43639994108982,127.64541666228637,86360000,76.55046547250306,24,24,19
2021-07-12,131.9754180908203,131.99209326245386,127.9310814953086,131.87539743473786,90978000,76.88267866884946,25,24,17
2021-07-19,135.73858642578125,139.3509779951408,131.7758492326233,132.024670711678,159890000,79.19911438892748,31,26,22
2021-07-26,135.38723754882812,136.50494459321888,133.55093403692595,135.7376742520812,98970000,78.40912914136584,23,0,15
2021-08-02,137.04042053222656,138.19320936355243,134.96077775626034,135.38725510303064,69038000,79.447904878608,23,13,15
2021-08-09,135.92620849609375,138.33528463467923,135.52386306026838,137.06381048761497,81472000,76.7671407394063,22,19,18
2021-08-16,142.27610778808594,142.63740310872157,134.717912951014,134.82888331284184,82914000,80.75300698115738,24,24,16
2021-08-23,145.15447998046875,146.12836758797877,141.35050630083472,141.9461804104822,98980000,82.24037565500895,23,17,19
2021-08-30,144.2005157470703,145.63521830345877,142.82851973090973,145.2614848938032,71604000,80.03290891363743,20,0,16
2021-09-06,144.521484375,145.33065537030953,141.07332339239773,144.2005101255327,107434000,80.22523385855625,22,23,20
2021-09-13,140.27410888671875,144.51550966618672,136.4069122786985,144.43688730435292,155448000,70.54217802108278,23,20,16
2021-09-20,133.88685607910156,142.22984776284983,133.6171374771324,140.9419414384471,119594000,59.00791508492255,27,20,19
2021-09-27,136.7064971923828,137.2021506415427,130.54816596561193,133.69176941289098,139102000,61.964526326397376,25,17,17
2021-10-04,137.24990844726562,140.10007134430936,135.60769291967813,138.20838132699913,92674000,62.52550898594572,22,31,17
2021-10-11,141.74363708496094,143.5677609554498,138.68214878400752,139.2922504245526,92496000,66.87624797854909,26,27,22
2021-10-18,145.7372283935547,148.41503581517193,136.103855528247,141.5216909257246,146222000,70.18870044172684,32,35,23
2021-10-25,146.09800720214844,147.9124265988532,142.90264687533926,146.60461038642669,132680000,70.47594264877117,28,33,25
2021-11-01,145.93478393554688,150.3224944950599,144.63990701522164,146.50606790528607,103080000,70.14663643458042,30,35,23
2021-11-08,148.3592987060547,149.7676367155625,145.76359145834556,146.41351300941514,78304000,72.22285954099345,27,29,23
2021-11-15,146.02584838867188,151.13416023024394,144.20646296508215,148.44289736785382,105622000,67.36678880893768,23,14,21
2021-11-22,140.9503936767578,146.1696761743909,140.83295370785092,144.33188417680142,113334000,58.2004163947727,28,25,21
2021-11-29,148.0194091796875,148.45334322612376,139.983967551589,141.15542090286144,112358000,65.28531366968623,26,27,20
2021-12-06,146.67379760742188,148.89975063024158,141.57195476961624,147.47748615404856,116376000,63.09307048703965,24,33,20
2021-12-13,146.25628662109375,147.85122574410812,139.58886064514118,147.37895998860802,129054000,62.39299966583885,22,20,20
2021-12-20,145.81385803222656,147.87220868679785,144.8185721761895,146.39609175336835,62720000,61.61282579874258,24,24,25
2021-12-27,137.0045928955078,146.36923465375125,136.8752008669586,145.75961899436237,128060000,48.58578106697114,30,29,25
2022-01-03,140.98023986816406,142.14100166724262,132.5128537106535,136.84930865241728,129698000,53.376817837105634,28,30,19
2022-01-10,135.01251220703125,142.510506600204,134.86123592238502,141.17184588477122,98570000,46.38892220865524,28,35,25
2022-01-17,128.63076782226562,137.26188507926494,124.05439007563048,135.87048023563764,194636000,40.31127656747073,39,39,28
2022-01-24,147.33863830566406,151.38298955602258,128.08782340888857,130.74174192875444,235776000,57.77566960582092,100,65,85
2022-01-31,140.7861785888672,148.4147497397738,136.22776736839478,144.6100622582764,213648000,52.03310801127604,52,45,53
2022-02-07,136.83937072753906,140.76427732252057,132.66016020658233,138.8423805275271,150806000,48.88150469391778,43,36,34
2022-02-14,126.9835433959961,136.19440997508943,126.90243039415532,135.508161479643,128164000,42.03465148117387,44,37,33
2022-02-21,134.11624145507812,135.46932949948604,124.17633087294966,124.41071720155442,147684000,47.7397526367732,41,42,32
2022-02-28,133.2349395751953,136.06932355656426,125.26742809865002,135.3374840756648,150912000,47.12261810317703,47,30,43
2022-03-07,133.06027221679688,133.56736137945887,125.81707531334452,130.8427632594416,143470000,46.992958641918925,41,27,29
2022-03-14,137.85057067871094,140.83295049611846,132.09333944665215,132.69250652121806,151604000,50.97688421133533,40,38,27
2022-03-21,141.9720458984375,143.48289508724196,137.38865273791737,138.61594813712583,113312000,54.16854068322835,42,32,35
2022-03-28,136.5293426513672,143.3647199138886,135.77502657051096,141.77699459247694,114902000,49.57812538775938,37,36,33
2022-04-04,129.67181396484375,137.05236856679738,126.97459009344604,135.9739649976805,102616000,44.46527076815925,37,33,31
2022-04-11,127.64093780517578,131.30159318507793,125.9817508152555,130.03361205747396,83732000,43.04934532548884,43,46,31
2022-04-18,114.47827911376952,129.6932092356929,112.59097040034956,128.74023394536638,222722000,35.22105878809171,66,55,46
2022-04-25,121.99716186523438,122.562485026272,112.86491744361588,116.56290195353552,155212000,41.7384875483144,48,43,39
2022-05-02,113.42377471923828,120.6617475086517,112.02091912506653,119.6537653981176,180580000,37.14891360403182,52,46,39
2022-05-09,111.87113189697266,117.5283350936306,109.59441690965788,111.4103170746912,144042000,36.36895721427123,43,36,28
2022-05-16,105.34056091308594,113.0520370480874,101.7261799765778,111.3137721320756,196622000,33.21057373746876,44,31,32
2022-05-23,113.59895324707033,116.84557704122348,104.99072301986926,105.55057136545904,140144000,40.27416092262685,38,35,27
2022-05-30,116.68531799316406,118.83563258316089,112.77384441479184,113.64970079664158,125268000,42.71260657901067,43,29,33
2022-06-06,109.87010955810548,117.79208313631432,105.85064197787798,115.7930522839514,149894000,38.93269321728823,47,33,32
2022-06-13,111.50585174560548,113.23317447264614,105.13059906595936,107.6396652505465,141762000,40.2983221279414,35,18,25
2022-06-20,111.72731018066406,118.68784177368497,110.50559584574444,112.4175376614773,143532000,40.49234762644925,36,26,25
2022-06-27,114.67037200927734,115.80350141242428,105.74862478435232,109.97858982237828,134324000,43.1371471534001,35,22,28
2022-07-04,111.65814208984376,119.86726175334248,111.29585958107428,115.46113647298128,151912000,41.12261554441341,47,27,60
2022-07-11,114.15928649902344,115.78160733043346,108.78474886411912,110.3035484835608,157822400,43.48276187156978,61,49,54
2022-07-18,113.0644760131836,114.66688690962188,104.26615235713392,114.54744986873555,178114200,42.67633972019598,58,40,33
2022-07-25,118.22005462646484,118.85703697688334,111.32371797093975,112.26824936597416,120710000,47.6042681001677,40,34,26
2022-08-01,120.08123016357422,121.2059003546706,116.0105073989321,117.74231011313016,84355800,49.29877571855034,42,36,30
2022-08-08,119.75279998779295,122.67894298332432,118.9864331807594,121.5045053097068,81533100,48.99763937562365,40,36,28
2022-08-15,114.15928649902344,121.11634021266866,113.24362531906196,119.66322375053105,85596900,44.06124220214771,35,32,28
2022-08-22,108.63545989990234,117.224774672726,108.28711134590444,114.6071754316229,113405700,39.79714686234876,35,27,26
2022-08-29,109.95919036865234,111.14855672402014,106.00790410211658,108.68521802895508,86954800,41.26410582826336,28,33,22
2022-09-05,105.37091827392578,112.1090003036283,104.0073738921362,108.66531208884174,118257300,37.82377616902838,37,46,29
2022-09-12,99.53854370117188,105.70931316420108,99.51863373110857,104.51497313697888,161372100,33.94908877754821,38,28,27
2022-09-19,100.2650909423828,101.20066203899049,96.88111765048848,98.98117132898342,118209600,34.844507050946305,36,45,31
2022-09-26,101.73812103271484,102.25566633478026,95.57729917734352,98.83188816654564,114095700,36.71761338783556,33,31,27
2022-10-03,97.83660888671876,103.24101173126928,96.79155563427275,101.02152079052632,96897100,33.93492651377767,32,45,26
2022-10-10,99.81722259521484,103.72869643787044,94.82088318631187,95.4777755170829,121932800,36.5632703663638,33,39,21
2022-10-17,94.3730010986328,104.60453810786024,94.12417964376472,100.344716015467,180209100,32.71093644607349,57,43,32
2022-10-24,86.6595458984375,96.4033960955028,86.59983117234387,93.86541392851652,206376300,28.180631192215827,44,38,37
2022-10-31,86.98799133300781,89.97882280294361,83.0566073745869,85.93796437876597,172499500,28.63386844271298,41,35,27
2022-11-07,98.52334594726562,99.9466050422443,91.2179513209835,91.9046934063728,153601600,42.385857512191606,35,36,23
2022-11-14,98.3541488647461,99.01104118041954,93.96494214916164,96.72188065379989,101923300,42.25723380275537,26,24,19
2022-11-21,100.97174835205078,100.97174835205078,93.94503254824345,98.00081942621844,88650400,45.036130278984245,30,23,21
2022-11-28,94.70144653320312,102.10636781116447,94.57703580669956,100.92198285838164,108074000,40.06240562390296,27,38,22
2022-12-05,94.8606948852539,99.32953395807314,91.46677397973268,95.23890837981644,136100800,40.24290733215032,29,20,25
2022-12-12,89.82455444335938,93.58673401285284,87.62497346737058,93.099046037326,142118000,36.49942646749482,29,22,20
2022-12-19,86.05241394042969,89.67525383792851,85.96284185850402,88.51077121232427,74821600,33.95186530407689,28,34,20
2022-12-26,88.29180908203125,91.11842491631822,86.57991616165626,86.61972850787761,85256000,36.77327914245885,28,35,23
2023-01-02,91.82508087158205,92.01418003236893,85.1666156538366,87.65483044750184,121599800,41.05192976409338,48,42,45
2023-01-09,91.34733581542967,93.14681132961738,90.14304082549972,91.96441578766536,83962300,40.65135367911199,48,50,37
2023-01-16,96.27400207519533,100.92198509809648,90.94921678792952,90.9591717724306,172596600,46.45392765862128,63,75,46
2023-01-23,100.95185089111328,101.7082703143887,96.36358220508426,97.816698733068,126627000,51.32060712450948,74,60,53
2023-01-30,99.5285873413086,108.30700844107488,97.99087248930825,106.28657933299488,216303800,49.83646271306682,99,65,59
2023-02-06,96.64225006103516,100.13570535964423,92.21323127008756,100.0660356570932,269718100,46.87586047164313,65,57,51
2023-02-13,91.36724853515624,97.41858102805594,90.44163234565724,95.08961567001704,124995500,41.9688183093491,51,28,38
2023-02-20,90.08332824707033,91.6956865329601,88.44110500592846,91.6956865329601,143314400,40.847984244164905,49,49,41
2023-02-27,94.20380401611328,95.846027131426,89.34680437356756,89.43638404560261,131356000,45.846437121284055,48,53,33
2023-03-06,96.09485626220705,96.79155335178928,89.516015884498,94.04456215364014,159468800,48.01745998096239,56,43,37
2023-03-13,103.72869873046876,107.00319028480114,95.41806290263186,96.11476000209454,222133400,55.73262894238706,55,51,36
2023-03-20,101.4196319580078,106.59611019839346,99.80726611042158,105.39082046435904,133077200,53.16240736371123,48,56,30
2023-03-27,104.45524597167967,106.03775440739336,99.81721790137556,100.9617981371685,116079100,56.03306852241653,44,49,34
2023-04-03,104.72398376464844,109.11319064142351,104.32089418951314,105.2713864543841,95908600,56.28848569946015,46,37,31
2023-04-10,104.52491760253906,109.06342628447676,103.31067523267345,105.96808665458065,105826200,56.02883534498749,51,51,37
2023-04-17,103.95760345458984,106.93351359788474,102.78316585395932,104.15666517961186,134781500,55.24669176325335,66,42,40
2023-04-24,105.61974334716795,108.63545843507468,103.92775274660436,104.7339394960478,120578800,57.13472296726789,46,51,33
2023-05-01,111.75070190429688,112.97490692724274,104.20643280681264,105.65955693251158,130067800,63.28716385784442,60,52,33
2023-05-08,120.9073257446289,121.70354985109104,114.38820053288272,115.3138166567983,169525200,70.17282457957981,54,45,33
2023-05-15,121.06657409667967,126.45107436393153,120.18077026904469,120.9869494036852,134591800,70.27723435409243,54,47,33
2023-05-22,122.78842163085938,125.78422665950262,122.31068106781134,124.61974400344812,127746900,71.44128563168736,46,36,30
2023-05-29,122.3604507446289,128.93929113866884,122.05190695268048,122.91780841767826,120682000,70.700133528971,54,51,38
2023-06-05,123.7936553955078,125.2666818434755,121.43483271256164,122.00711905792258,111322500,71.75682984267561,49,48,38
2023-06-12,120.68836975097656,126.10271985611564,120.29025387430032,123.29601393601985,126513900,66.18707866230136,41,42,27
2023-06-19,120.50920867919922,123.35074543758392,116.35886864010268,120.09119045801572,120484600,65.8694036454482,45,38,30
2023-06-26,122.0519027709961,122.78841977763858,118.6480269384745,119.5238757651768,74101900,67.32373416246395,39,52,35
2023-07-03,119.05609893798828,121.17605511519896,115.28396456569592,120.07128718798856,112021200,61.81523829941479,47,42,29
2023-07-10,122.20120239257812,126.67998897210144,120.48930941834506,120.9670499946029,116079000,65.0484730087694,47,27,29
2023-07-17,129.04876708984375,130.75069739047112,118.1254988000088,121.54431086184007,184353600,70.83808077743517,67,46,29
2023-07-24,128.0335693359375,133.43797932259864,127.24729261428382,131.17867622255224,126144600,69.01287311409054,46,31,30
2023-07-31,129.5364532470703,131.8455238147228,127.1726568382762,127.76484556772137,87729800,70.23552600644004,42,46,31
2023-08-07,128.5013427734375,132.0216709947309,127.8544131157973,131.34786060339374,82891000,68.2384393679112,38,39,30
2023-08-14,132.58203125,133.43797766580917,126.4012996029462,129.835032657151,111202500,71.65962810582919,40,29,30
2023-08-21,136.28448486328125,136.6477696676989,127.43639421799918,134.091882395249,108650700,74.35837194607946,42,55,39
2023-08-28,134.73184204101562,137.92671633460597,134.05505494574317,136.40393018338597,78358100,71.29241492621107,36,47,30
2023-09-04,136.85182189941406,137.61222791886803,133.32851622145793,133.96549863955175,83575300,72.93343606095038,40,44,33
2023-09-11,133.95553588867188,139.2703593566052,133.88587376750613,137.73762563551216,121198400,67.27537011723709,38,38,32
2023-09-18,130.84027099609375,132.56211108625874,127.5856823507545,131.765879451207,93184400,61.728297552816464,40,47,28
2023-09-25,135.6276092529297,135.9261980501909,130.0739122965566,130.0739122965566,103112700,66.32362911579906,39,26,25
2023-10-02,141.031982421875,141.54953524468698,133.8211422947085,135.48824890049323,93042500,70.61331564517722,39,27,25
2023-10-09,138.62342834472656,141.7088209188597,137.31960615713993,141.4898567910511,90686300,66.54502809375347,37,43,22
2023-10-16,126.0728530883789,140.34028201063947,125.49558548993762,139.1409607742472,152897100,50.2868639483219,66,58,36
2023-10-23,126.96862030029295,127.13781707865934,120.88742292327548,123.88323556929232,143100700,51.20321796327261,44,31,27
2023-10-30,132.6317901611328,132.91046899102855,127.50607398248934,128.94923546306163,93287400,56.64432409617139,42,41,28
2023-11-06,135.73709106445312,136.59303751542356,130.25305623130197,132.73132350125127,93417500,59.32273117974217,42,35,26
2023-11-13,139.35992431640625,140.43483482094024,134.84131820363248,136.3143521469881,97704300,62.25259267509603,37,33,27
2023-11-20,135.75698852539062,139.01854838646068,135.65248775987334,138.88218559419508,64776600,57.794256179582085,39,55,36
2023-11-27,130.81040954589844,136.3143541660665,128.78998052287812,135.75698134346038,113884700,52.26047638526284,52,52,37
2023-12-04,133.3384552001953,139.34002805056755,132.20382986497216,135.9560620155112,137911700,54.650354433557965,49,50,44
2023-12-11,139.00161743164062,142.4035035415894,130.44215354101368,134.1346705135712,168056600,59.53703686053323,45,43,29
2023-12-18,140.77325439453125,143.26645068653352,139.8108175699792,140.10641459636395,65054700,60.954499517328976,35,39,29
2023-12-25,139.6983184814453,141.59931804492354,137.09067448950236,141.18129982241138,66111400,59.59047150915832,35,32,31
2024-01-01,143.1221160888672,143.8436892574364,136.2048820907179,139.19073980389237,87553400,62.47113878621108,44,36,35
2024-01-08,142.21640014648438,145.96863220230662,139.84761486962495,144.21195321477262,68549700,61.22769589371119,41,50,36
2024-01-15,149.64125061035156,150.85550070014855,142.6742488694187,142.76382096124178,101235500,67.02256552646807,49,44,47
2024-01-22,141.1315460205078,154.4683712290794,140.8827245413415,151.02469046205792,132386400,56.58427720962808,73,76,58
2024-01-29,145.988525390625,146.30702416148435,137.51864803058592,143.0126303330515,139852000,60.37732640409424,55,72,46
2024-02-05,146.4463653564453,149.98461459520243,144.4259362131857,146.2771685774419,92145400,60.72564974222238,52,44,49
2024-02-12,143.1619110107422,144.0775721574736,140.13624875140607,143.77899855614774,83699200,56.8636874558812,49,73,41
2024-02-19,136.78213500976562,145.51079667288576,135.9958658248756,145.43117197784437,124049800,50.18709590751216,68,69,67
2024-02-26,131.9351043701172,139.34003433918252,130.929871018225,137.69781858064272,159201300,45.7883414505602,64,81,61
2024-03-04,140.1063995361328,141.51970368304296,132.03463032915775,133.25882772633037,111772800,53.23051892034621,53,68,43
2024-03-11,148.97438049316406,152.2090595437672,140.46469852490907,141.62918116070338,160298900,59.69693877097274,61,54,46
2024-03-18,151.2237548828125,152.4778097557478,147.31227306738896,149.61139644805868,90119600,61.16370472178404,45,42,39
2024-03-25,155.63284301757812,156.2598779609097,150.61660903149584,151.28344872648583,80439700,63.934393482409845,47,58,35
2024-04-01,156.91677856445312,159.13626186808077,150.36878266887888,154.34893912124758,94993400,64.72364029553121,46,66,39
2024-04-08,156.1404571533203,160.93772730341846,154.3190821303801,157.5935660654862,87601800,63.81431198405395,45,51,37
2024-04-15,160.34054565429688,160.62917184903918,153.18443844738567,156.18522447450087,86925000,66.55226535202775,72,78,46
2024-04-22,164.78948974609375,175.58833238642228,152.04783802016925,152.6370425203441,183257200,69.20983366880877,56,47,41
2024-04-29,170.35313415527344,172.652242098589,164.20225954535678,165.88429510543986,90628400,72.18606858892694,47,50,37
2024-05-06,173.060302734375,173.2255205444955,164.9785715725899,170.34316151919887,90014500,73.52697762894124,54,50,36
2024-05-13,177.16087341308594,179.1016776968131,173.22949751797577,173.77690774847733,82184200,75.45706562635291,46,51,36
2024-05-20,176.56370544433594,179.0618826718888,173.71718727798586,177.93720479058072,57008100,74.60401914799476,41,41,33
2024-05-27,176.2352752685547,177.13102647161713,170.16402542202067,175.85706178035375,96972500,74.10780633828635,44,34,36
2024-06-03,178.71351623535156,181.2216407095271,173.55794306900555,176.59355261660806,79097100,75.43550277175882,48,55,38
2024-06-10,175.8180389404297,179.27561230566968,174.99100977195764,177.20306002880108,59231700,70.86342710638414,44,64,33
2024-06-17,184.70606994628903,185.264061805554,175.82799374952427,176.07709834413453,126972900,75.72677355113245,48,44,32
2024-06-24,186.71885681152344,186.94802880286505,182.0755430842134,184.98011144365864,67838600,76.67622444121149,39,45,32
2024-07-01,191.9699859619141,192.61765188536268,186.6491149843581,186.6491149843581,48652400,78.98563363969699,47,42,31
2024-07-08,181.9659423828125,191.7208880538456,180.9695238785516,190.65471295629928,73223800,65.6492172025946,51,39,41
2024-07-15,173.7454833984375,184.5566298578062,172.94836078735528,182.88263892542727,103690300,57.115295654307936,73,66,39
2024-07-22,172.5298614501953,175.2799863086989,165.2709640537418,173.6259279088946,97218500,55.95689223738557,54,48,37
2024-07-29,160.1742706298828,175.0507912354987,156.0391400203161,171.36404590101978,126474100,45.79115908617075,74,87,51
2024-08-05,161.44967651367188,166.10294874335727,158.9586304461226,161.76254727769793,76951300,46.86426210623555,53,59,38
2024-08-12,167.0296173095703,169.79965917976915,160.9116090863353,161.62903153371002,76238500,51.39737829299854,48,41,29
2024-08-19,163.91082763671875,168.81320436524743,162.69519596618224,168.43456050599033,74322600,48.88696959291019,44,45,35
2024-08-26,157.2447967529297,167.02963345337844,156.87612678333463,165.465249153165,79576400,43.94623980088387,42,47,25
2024-09-02,151.6050567626953,160.43831154354746,147.66920703825724,157.2148973415503,106589600,40.24079004634623,50,55,41
2024-09-09,160.44497680664062,161.26312280572637,153.15157212688604,154.4585961371858,80736900,47.68651213362261,48,50,34
2024-09-16,162.6200408935547,166.231819126277,161.66221326114984,164.44588887546593,111941300,49.358439695260216,46,59,36
2024-09-23,166.9302215576172,170.05312166035213,163.12887229056398,164.6553981344333,77283400,52.59187837327567,42,34,33
2024-09-30,162.6898651123047,169.51433523521274,160.75426631287192,165.44360988846796,67851400,49.259609117340496,48,61,35
2024-10-07,166.3615264892578,168.70618314803738,161.27309676313445,161.74203113972106,58626100,52.090283682899575,44,50,32
2024-10-14,164.1066436767578,167.54880949982203,163.26156615464373,167.0000701204947,64301600,50.236736722873246,44,41,34
2024-10-21,175.7401885986328,183.372818181948,162.40054132033598,164.21640228283707,126803500,58.45118328897666,77,45,44
2024-10-28,177.92520141601562,178.23449529525598,169.10027791711138,174.3233953311525,110328600,59.7936116574529,60,64,42
2024-11-04,180.08030700683594,183.6072712572727,178.48393279460944,178.70343462939442,72290800,61.12766245445689,56,78,47
2024-11-11,176.92747497558594,180.03540962144282,172.35287591025977,179.34197991584392,89482800,58.09095614195224,63,100,58
2024-11-18,170.43226623535156,175.1814561211013,164.93476353619764,175.05673985622616,112103000,52.32404480210384,44,69,44
2024-11-25,175.69029235839844,176.02951694382102,168.36695696551732,169.67398098076288,59805400,56.12156577895454,51,55,51
2024-12-02,196.2635040283203,196.44308814729013,173.15607015666114,176.9175170757861,125334700,67.14783918385385,85,88,63
2024-12-09,189.93360900878903,202.6491336312673,189.0646039194836,196.07661964140613,128097500,61.98659383863876,68,69,54
2024-12-16,197.34518432617188,197.44506138722352,186.1579170714573,193.06005755756703,94346600,65.34537965275383,44,41,34
2024-12-23,190.2232818603516,197.9344977254107,189.36425993005457,196.51611551332488,49165600,59.87103115587696,44,51,34
2024-12-30,195.1676483154297,201.90996691026223,188.49525737746444,191.26709336988125,81205600,62.23635584618231,50,49,47
2025-01-06,196.7558441162109,197.57491832048345,188.4453197107881,195.19762174278324,60469000,62.990959095336606,50,65,43
2025-01-13,199.8023681640625,203.6080300125448,194.07889307073185,195.60215155102364,70041300,64.45809623588099,57,65,49
2025-01-20,196.9556121826172,202.33949327699293,192.39082052854508,199.7524289777113,81100400,61.985335195164254,91,86,64
2025-01-27,193.0800323486328,208.46250142653443,189.69389069585745,199.5326724905184,120330100,58.68467721540909,100,86,64
2025-02-03,185.218978881836,193.6094290775503,183.4210394212204,190.772664570678,97648700,52.56994000124564,66,70,47
2025-02-10,186.91705322265625,187.9358815012876,183.3710900310155,185.71840661486087,58360000,53.69238766193285,54,69,38
2025-02-17,174.50119018554688,187.2566623271929,173.3924527442382,186.2877649576968,94788300,45.258669156394696,62,57,51
2025-02-24,174.79087829589844,176.38904845554265,167.34934371618195,175.73979420965995,129661700,45.47387272971169,65,63,43
2025-03-03,168.80767822265625,176.6986819364946,163.05423858198034,172.35364137561825,108054400,41.81727338727949,65,73,50
2025-03-10,166.27999877929688,168.4600067138672,158.8000030517578,167.97999572753906,101228900,40.341431297349786,60,55,54
2025-03-17,167.13999938964844,172.91000366210938,163.02999877929688,163.8249969482422,104946000,41.10305143909578,52,55,42
2025-03-24,158.86000061035156,167.44000244140625,152.2100067138672,166.7100067138672,127254000,36.2983278652577,81,63,70
2025-03-31,161.05999755859375,161.8699951171875,142.66000366210938,152.8350067138672,197855200,38.36006366830761,93,87,100
2025-04-07,155.5,164.02999877929688,152.1999969482422,158.75999450683594,108720700,35.25454266160415,54,48,40
2025-04-14,157.72000122070312,160.02000427246094,148.39999389648438,156.61000061035156,70147200,37.43258665921558,74,56,44
