,Close,High,Low,Open,Volume,RSI_14,NVIDIA stock,sell NVIDIA stock,buy NVIDIA stock
2015-01-01,0.4593823850154876,0.4867437374862765,0.4579423047975651,0.4831435369414701,831204000,,0.0,0.0,0.0
2015-01-08,0.4737831354141235,0.4857837101120146,0.4644226699827922,0.4646626929214008,1076032000,,0.0,0.0,0.0
2015-01-15,0.4872237145900726,0.4884238004844639,0.4682627923553529,0.4771432391371396,655532000,,0.0,0.0,0.0
2015-01-22,0.4634625911712646,0.4980242887776854,0.4632225682555884,0.4881837784093232,1044044000,,0.0,0.0,0.0
2015-01-29,0.4838635623455047,0.4893838315309456,0.4545821419561981,0.4637025829654106,1158128000,,0.0,0.0,0.0
2015-02-05,0.4994644224643707,0.5040246008452953,0.4836236522378573,0.4843436352270129,1171952000,,0.0,0.0,0.0
2015-02-12,0.5309060215950012,0.5400264946970187,0.5249057615434387,0.5280259173706271,1361276000,,0.0,0.0,0.0
2015-02-19,0.5313858389854431,0.5385861822838295,0.5270656558957081,0.5376261479553597,725368000,,0.0,0.0,0.0
2015-02-26,0.5404191017150879,0.5474062517124852,0.52933605204848,0.5339138459202487,999052000,,0.0,0.0,0.0
2015-03-05,0.551261305809021,0.5613805684069954,0.5389735477349253,0.540419173089947,1592168000,,0.0,0.0,0.0
2015-03-12,0.5510203242301941,0.563067106324253,0.5358413730473209,0.5459606929837657,1716960000,,0.0,0.0,0.0
2015-03-19,0.5069289207458496,0.5688494109989153,0.505242320136611,0.5529476526442313,2071884000,,0.0,0.0,0.0
2015-03-26,0.506206214427948,0.5199395384009253,0.4929547272069746,0.4965687900649057,1571504000,,0.0,0.0,0.0
2015-04-02,0.5305407047271729,0.5324682241059506,0.4999418874835482,0.5090974178411025,1488464000,,0.0,0.0,0.0
2015-04-09,0.54523766040802,0.5502972896137941,0.5262037351431101,0.5264446534547474,1338720000,78.32036138312658,0.0,0.0,0.0
2015-04-16,0.537527859210968,0.546683447087771,0.5264448093830392,0.5421056531493695,1118420000,75.40877550172976,0.0,0.0,0.0
2015-04-23,0.5334317684173584,0.5442738959788549,0.5216259102254883,0.5276493271915556,1178436000,73.83824149148296,0.0,0.0,0.0
2015-04-30,0.5324680805206299,0.5512610878171884,0.52548093236343,0.5307815374212309,1285944000,73.45065143918104,0.0,0.0,0.0
2015-05-07,0.5047606229782104,0.5435512988392908,0.4910272980885157,0.5302998107337631,2922584000,63.181670727958256,0.0,0.0,0.0
2015-05-14,0.5069289207458496,0.5175300738344495,0.5050014018111062,0.5062061083257668,1284480000,63.61043196582053,0.0,0.0,0.0
2015-05-21,0.5286396145820618,0.53106012331255,0.4978991017663287,0.5095175782983604,1144348000,67.67013937888773,0.0,0.0,0.0
2015-05-28,0.5252509713172913,0.5470355522729927,0.5242827215516708,0.5286396723685031,1510576000,66.4245263773081,0.0,0.0,0.0
2015-06-04,0.5196835398674011,0.5412260766662828,0.516778907414713,0.5221040476748218,1766192000,64.32940444672872,0.0,0.0,0.0
2015-06-11,0.5223464369773865,0.5288818067385239,0.5039505535673898,0.5196838938882743,1403764000,64.89966882197135,0.0,0.0,0.0
2015-06-18,0.5085492134094238,0.5354168338683228,0.5061287055020601,0.526703051569382,1836728000,59.58445374948258,0.0,0.0,0.0
2015-06-25,0.4937841594219208,0.515568792031957,0.4833759678651479,0.5085493005844892,1782288000,54.44556850457072,0.0,0.0,0.0
2015-07-02,0.47563037276268,0.4974149776977325,0.4637698640283328,0.4935421526304483,1287284000,48.86531958136948,0.0,0.0,0.0
2015-07-09,0.4780508875846863,0.4853124418962674,0.466916537008964,0.4831339669463719,1301716000,49.60694890239388,0.0,0.0,0.0
2015-07-16,0.4698210656642914,0.4887010634334583,0.4640118577774189,0.4809554144446516,1197824000,47.10539770651789,0.0,0.0,0.0
2015-07-23,0.4833760857582092,0.4872489115603227,0.4620756015560696,0.4707894451834538,982168000,51.44816849163933,0.0,0.0,0.0
2015-07-30,0.498141199350357,0.5056447591971402,0.4799873547868403,0.4821658011299973,1300380000,55.713459057229535,0.0,0.0,0.0
2015-08-06,0.5741450190544128,0.5797121930215925,0.4867645853465762,0.4969307416582653,3542284000,70.21746514610825,0.0,0.0,0.0
2015-08-13,0.5564755797386169,0.5760817438787434,0.5504242781235378,0.5748714604719319,1301748000,64.89628363855279,0.0,0.0,0.0
2015-08-20,0.5301346778869629,0.5551708230179582,0.4861390914973113,0.5524970779503127,2729540000,57.85724671528528,0.0,0.0,0.0
2015-08-27,0.5398574471473694,0.5559000333598538,0.5201688502242087,0.5357252746308651,1701512000,59.59916500731061,0.0,0.0,0.0
2015-09-03,0.5403436422348022,0.5576015470963868,0.5284332278052191,0.5478787739993309,1078368000,59.68889442593159,0.0,0.0,0.0
2015-09-10,0.5614906549453735,0.5646505619240972,0.5347530295465786,0.5371837227646509,1352604000,63.48738136293312,0.0,0.0,0.0
2015-09-17,0.5590600371360779,0.5763180018788389,0.5534694361851941,0.571213504865759,1266952000,62.755417760927415,0.0,0.0,0.0
2015-09-24,0.5991663932800293,0.5998956069974493,0.5469064632135595,0.5556569698703049,2084832000,69.08835764038388,0.0,0.0,0.0
2015-10-01,0.6324669718742371,0.6387867857700112,0.5704842084898196,0.5991664229545496,2120832000,73.16797119523753,0.0,0.0,0.0
2015-10-08,0.665037989616394,0.6754899711585844,0.6190978348324883,0.629792926144685,2021496000,76.44277515100626,0.020833333333333332,0.0,0.020833333333333332
2015-10-15,0.6662532687187195,0.6835112217452447,0.659447354591481,0.6662532687187195,1920260000,76.55773883678727,0.041666666666666664,0.0,0.041666666666666664
2015-10-22,0.6968802809715271,0.6995540255337778,0.6730594579367257,0.6740317234182456,1361400000,79.29950586826395,0.0625,0.0,0.0625
2015-10-29,0.6813238859176636,0.6983387367864847,0.6716011139926229,0.6856991680553071,1637448000,74.5312611687647,0.08333333333333333,0.0,0.08333333333333333
2015-11-05,0.7416051626205444,0.7763640779561147,0.6716011122212255,0.684726842694952,3315796000,79.64009674150866,0.10416666666666666,0.0,0.10416666666666666
2015-11-12,0.7542445659637451,0.7552168893023536,0.720700975493286,0.7399034631704787,1535564000,80.52232393215934,0.125,0.0,0.125
2015-11-19,0.7595488429069519,0.7722364675986757,0.751009140266262,0.7597928759626583,1070096000,80.89643744488052,0.14583333333333331,0.0,0.14583333333333331
2015-11-26,0.792975664138794,0.8085911583829364,0.7571087467187436,0.7610126348228663,1117976000,83.09946657344003,0.16666666666666666,0.0,0.16666666666666666
2015-12-03,0.7980997562408447,0.824938974278604,0.7873641039291618,0.7993197471390919,1726164000,83.41520148554432,0.1875,0.0,0.1875
2015-12-10,0.8093229532241821,0.812006908394865,0.7851677057220429,0.8005392215713738,1283460000,84.11518636594236,0.20833333333333331,0.0,0.20833333333333331
2015-12-17,0.8066392540931702,0.8188388682223015,0.7832159833307681,0.810543142248962,1186808000,83.21078748727177,0.22916666666666666,0.0,0.22916666666666666
2015-12-24,0.8146909475326538,0.8281105512103882,0.7895597383894031,0.8041992743074708,578476000,83.77445497642935,0.25,0.0,0.25
2015-12-31,0.7693084478378296,0.817130948026974,0.760280680806577,0.8134710927849853,1446220000,69.59236811584546,0.2708333333333333,0.0,0.2708333333333333
2016-01-07,0.713921844959259,0.755156541788405,0.7112378901963119,0.7500326651688042,2404176000,56.92628410131843,0.29166666666666663,0.0,0.29166666666666663
2016-01-14,0.6704914569854736,0.707578368024474,0.6453602442697927,0.6992825832871048,2380008000,49.34265738153777,0.3125,0.0,0.3125
2016-01-21,0.691962718963623,0.7031863748512425,0.6639035792445745,0.6778111907829366,1469824000,52.69767745241537,0.3333333333333333,0.0,0.3333333333333333
2016-01-28,0.6880586743354797,0.7185577297709288,0.670979219579881,0.6975743880081556,1545844000,52.023009506270895,0.35416666666666663,0.0,0.35416666666666663
2016-02-04,0.6204729080200195,0.7039183428250195,0.6051013897410474,0.6890347741652361,2318592000,41.99860431751526,0.375,0.0,0.375
2016-02-11,0.674883246421814,0.6812270568513589,0.6038813994762464,0.604613382077528,1937780000,50.301298640068346,0.3958333333333333,0.0,0.3958333333333333
2016-02-18,0.7763840556144714,0.7783360285047456,0.7234376853655227,0.7302695032229711,2750188000,61.40135978453231,0.41666666666666663,0.0,0.41666666666666663
2016-02-25,0.8037109971046448,0.8066389265757565,0.7641842401062614,0.7793117787531304,1617436000,63.74887301569367,0.4375,0.0,0.4375
2016-03-03,0.7770087718963623,0.8090881899074444,0.766968602351175,0.805659864963162,1215004000,59.91437773574457,0.4583333333333333,0.0,0.4583333333333333
2016-03-10,0.8105576038360596,0.8132513381471291,0.760112060425938,0.7816615846087624,1343656000,62.93125865949661,0.47916666666666663,0.0,0.47916666666666663
2016-03-17,0.8431269526481628,0.8492489546020338,0.7926813459438204,0.8076191428091107,1907992000,65.63521413475442,0.5,0.0,0.5
2016-03-24,0.8756958842277527,0.887695078953153,0.8328416507137659,0.8355353260415709,1148856000,68.13810769663755,0.5208333333333333,0.0,0.5208333333333333
2016-03-31,0.8766757845878601,0.8972458584588325,0.8480246811628004,0.8796143832506567,1915060000,68.21312124568358,0.5416666666666666,0.0,0.5416666666666666
2016-04-07,0.8996944427490234,0.8999393064473089,0.8605133901933016,0.8710432882153035,1665044000,69.9999110278945,0.5625,0.0,0.5625
2016-04-14,0.8925929665565491,0.9173260126706608,0.8835323665131075,0.8972457276327976,1670180000,68.7165749749002,0.5833333333333333,0.0,0.5833333333333333
2016-04-21,0.9136527180671692,0.9141425038758936,0.885246483999826,0.8928377845371687,1160724000,70.44692842505367,0.6041666666666666,0.0,0.6041666666666666
2016-04-28,0.8512079119682312,0.9134077857928892,0.8423921767629479,0.90802037583847,1708992000,59.87211134561161,0.625,0.0,0.625
2016-05-05,0.8830426931381226,0.8928379439876073,0.8499836923289611,0.8583097022584635,1361312000,62.92741189777932,0.6458333333333333,0.0,0.6458333333333333
2016-05-12,1.061806082725525,1.0738053396323184,0.855371012161172,0.8894095227377327,4923292000,74.61539240136986,0.6666666666666666,0.0,0.6666666666666666
2016-05-19,1.1061296463012695,1.118863377156401,1.0561738274576875,1.0576430097817309,2077464000,76.58643031147696,0.6875,0.0,0.6875
2016-05-26,1.1492668390274048,1.160315022076823,1.1077743679484526,1.1109660964929875,1387036000,78.34846744833945,0.7083333333333333,0.0,0.7083333333333333
2016-06-02,1.1337987184524536,1.1671891043380305,1.1210318096453729,1.155404193395031,1540812000,76.13584680024098,0.7291666666666666,0.0,0.7291666666666666
2016-06-09,1.16277015209198,1.1728363360000271,1.1274156415679084,1.1298708711937595,1947160000,77.42196173405543,0.75,0.0,0.75
2016-06-16,1.1595783233642578,1.1826569179033006,1.142392068687564,1.154176982555826,1426352000,76.93005353277132,0.7708333333333333,0.0,0.7708333333333333
2016-06-23,1.1453382968902588,1.1917411025563738,1.0942706489976637,1.1706266213096546,2465504000,74.6512194854725,0.7916666666666666,0.0,0.7916666666666666
2016-06-30,1.1698899269104004,1.1767644985598242,1.1301161965067634,1.1473023329508878,1293616000,75.97274352185991,0.8125,0.0,0.8125
2016-07-07,1.2958407402038574,1.3081166563976283,1.1723455477762428,1.1777468900241592,2087472000,81.34559394475168,0.8333333333333333,0.0,0.8333333333333333
2016-07-14,1.3311949968338013,1.3383150689800416,1.2727618906847056,1.3027150594642116,1677612000,82.5267306216223,0.8541666666666666,0.0,0.8541666666666666
2016-07-21,1.3763699531555176,1.4048500026751456,1.3017327192571884,1.3282485386175682,1950788000,83.92713286817448,0.875,0.0,0.875
2016-07-28,1.3795615434646606,1.4129519309142613,1.359674680924467,1.3795615434646606,1515200000,84.0245478747859,0.8958333333333333,0.0,0.8958333333333333
2016-08-04,1.4365217685699463,1.4608279771306654,1.3834901259442167,1.386190737736444,1697448000,85.69133751321168,0.9166666666666666,0.0,0.9166666666666666
2016-08-11,1.5013383626937866,1.5590349659462872,1.441186647107021,1.4441328755655645,3562976000,87.31341488068817,0.9375,0.0,0.9375
2016-08-18,1.5207343101501465,1.554615705062679,1.4932363715430963,1.4991288287702458,1506204000,87.76055508681665,0.9583333333333333,0.0,0.9583333333333333
2016-08-25,1.508778691291809,1.5380490868068248,1.4945125387756972,1.5240288862599507,1654796000,85.75423460889314,0.9791666666666666,0.0,0.9791666666666666
2016-09-01,1.529685616493225,1.558956002116992,1.5087781814351773,1.5100080581532975,1456440000,86.34224246728876,1.0,0.0,1.0
2016-09-08,1.4856574535369873,1.5432144324044186,1.4098987401383074,1.5282101905227192,2402644000,78.95158182483974,1.0769230769230769,0.0,1.1538461538461537
2016-09-15,1.5953599214553833,1.6051987027380772,1.4846734560937904,1.4881171351015052,2502108000,82.8830652450477,1.1538461538461537,0.0,1.3076923076923077
2016-09-22,1.6425859928131104,1.643815869718764,1.562645870545893,1.6047066989616094,1537444000,84.24716408326226,1.2307692307692308,0.0,1.4615384615384617
2016-09-29,1.6782517433166504,1.7144092594584863,1.624630348964717,1.6398804251008068,1596276000,85.20603192271287,1.3076923076923077,0.0,1.6153846153846154
2016-10-06,1.633976936340332,1.6718562266517096,1.6064283295809194,1.6580819819157564,1742808000,78.79417109755356,1.3846153846153846,0.0,1.7692307692307692
2016-10-13,1.6349613666534424,1.6477518086583487,1.566827738150415,1.6147918956688136,1384512000,78.83231280588498,1.4615384615384617,0.0,1.9230769230769231
2016-10-20,1.7749178409576416,1.7943494514216438,1.6307795673548855,1.6541466433840553,1662680000,83.40288183420785,1.5384615384615385,0.0,2.076923076923077
2016-10-27,1.6912879943847656,1.7918896030974056,1.679727432947527,1.7884460415873784,1700980000,73.22804830261512,1.6153846153846154,0.0,2.230769230769231
2016-11-03,1.7208046913146973,1.7653252827776822,1.637666942218058,1.6991593928073738,2012440000,74.41445102519883,1.6923076923076923,0.0,2.3846153846153846
2016-11-10,2.25382137298584,2.2766964318506875,1.642094464387852,1.758438195563761,6007496000,86.25767650895916,1.7692307692307692,0.0,2.5384615384615383
2016-11-17,2.311378002166748,2.342861961908928,2.229715858495488,2.2705469303311183,2619088000,86.95962396841223,1.8461538461538463,0.0,2.6923076923076925
2016-11-24,2.2712368965148926,2.342674921924057,2.268773459622028,2.3259239739198687,1359368000,83.74676870975183,1.9230769230769231,0.0,2.8461538461538463
2016-12-01,2.341935634613037,2.3476013510193616,2.088207530476053,2.2687732569013663,3095700000,84.81116874386223,2.0,0.0,3.0
2016-12-08,2.375930070877075,2.3921883747631933,2.1564427334882605,2.3448913839462047,2736964000,85.30934962010649,2.1153846153846154,0.23076923076923078,3.0384615384615383
2016-12-15,2.606995344161988,2.6143854190773075,2.379625266095292,2.3870153410106125,4004924000,88.15356188678005,2.230769230769231,0.46153846153846156,3.076923076923077
2016-12-22,2.6912434101104736,2.954332424356151,2.6178345839645845,2.6313832527311,4856340000,88.99050926805188,2.3461538461538463,0.6923076923076923,3.1153846153846154
2016-12-29,2.5715227127075195,2.7570153121578413,2.4481072607604872,2.584085863834837,6089516000,80.30767702565232,2.4615384615384617,0.9230769230769231,3.1538461538461537
2017-01-05,2.5904903411865234,2.689764524500146,2.489245361794046,2.5749711149415453,4129984000,80.63013475925885,2.576923076923077,1.153846153846154,3.1923076923076925
2017-01-12,2.53605055809021,2.58654984580953,2.4414567783841865,2.5675818963009847,2318472000,76.7457842622237,2.6923076923076925,1.3846153846153846,3.230769230769231
2017-01-19,2.655277729034424,2.6924747776807187,2.536789148237451,2.5390061473095136,2457612000,79.11840454684904,2.8076923076923075,1.6153846153846154,3.269230769230769
2017-01-26,2.8070220947265625,2.811209655369074,2.628426920727762,2.6579874575068114,2379560000,81.68032854323006,2.9230769230769234,1.8461538461538463,3.3076923076923075
2017-02-02,2.9218153953552246,2.97871946725575,2.7604640511261813,2.7910098673052985,2558556000,83.34502550807733,3.0384615384615383,2.076923076923077,3.3461538461538463
2017-02-09,2.685084342956543,2.9732998471822607,2.618326761618891,2.9279736474239386,4898036000,69.34963407417193,3.153846153846154,2.307692307692308,3.3846153846153846
2017-02-16,2.728440046310425,2.7540592237336448,2.5813762137632392,2.6946917158558468,2196640000,70.3322102924099,3.269230769230769,2.5384615384615388,3.4230769230769234
2017-02-23,2.535304546356201,2.62409808086298,2.360430301449081,2.602146387107232,4468356000,60.957491920361086,3.3846153846153846,2.769230769230769,3.4615384615384617
2017-03-02,2.430973052978516,2.5365389586782854,2.3473590861178164,2.522479923141099,3744704000,56.57082672875313,3.5,3.0,3.5
2017-03-09,2.529385089874268,2.540237563098295,2.402360791956771,2.414940035580642,2888988000,59.529286956942805,3.6153846153846154,3.230769230769231,3.5384615384615383
2017-03-16,2.665534734725952,2.712151409391769,2.5259314593659816,2.5399904863569707,3921604000,63.25831943311759,3.730769230769231,3.4615384615384617,3.576923076923077
2017-03-23,2.647528886795044,2.6956253387286915,2.5547888166552712,2.657641345053776,2262520000,62.43892599407064,3.8461538461538463,3.6923076923076925,3.6153846153846154
2017-03-30,2.4672293663024902,2.713138291066771,2.454156861693119,2.654682378552355,3429900000,54.78626920077515,3.9615384615384617,3.9230769230769234,3.6538461538461537
2017-04-06,2.400141477584839,2.509160434815101,2.376463242502881,2.472409691317144,2852760000,52.2215444635491,4.076923076923077,4.153846153846154,3.6923076923076925
2017-04-13,2.45859694480896,2.490661102742193,2.3552508758461403,2.375969533466906,1755128000,54.23200971352696,4.1923076923076925,4.384615384615385,3.730769230769231
2017-04-20,2.565642833709717,2.5994335299518747,2.4519375430858443,2.4731494648264527,1833176000,57.73899411342899,4.307692307692308,4.615384615384616,3.769230769230769
2017-04-27,2.571315288543701,2.635444070444625,2.529631462696719,2.5730418236247736,1942556000,57.92298767397009,4.423076923076923,4.846153846153847,3.8076923076923075
2017-05-04,2.9916043281555176,3.0046768304068023,2.523464791259421,2.5774808645294267,3780224000,68.77160071859208,4.538461538461538,5.0769230769230775,3.8461538461538463
2017-05-11,3.150200128555298,3.389942912340836,2.95756728540158,2.9610203552768284,6382020000,71.73324923024072,4.653846153846154,5.307692307692308,3.8846153846153846
2017-05-18,3.417814254760742,3.479476486271869,3.1336745865776767,3.194103545231852,4508256000,75.88860460231339,4.769230769230769,5.538461538461538,3.9230769230769234
2017-05-25,3.564126968383789,3.629557619148974,3.368822108303382,3.45672158689816,3264336000,77.80931018453042,4.884615384615385,5.769230769230769,3.9615384615384617
2017-06-01,3.681903123855591,3.700668241179617,3.518696617076726,3.579929786022716,3179512000,79.24271541570101,5.0,6.0,4.0
2017-06-08,3.746098756790161,4.1604116640265145,3.5088196237373777,3.789060817584943,9409348000,80.00101182694488,5.0285714285714285,5.914285714285715,4.057142857142857
2017-06-15,3.937453031539917,3.9935013663138994,3.617212456153005,3.6285703753294976,4445056000,82.10012487876294,5.057142857142857,5.828571428571428,4.114285714285714
2017-06-22,3.7468395233154297,3.958934144857392,3.5986942109570355,3.945600864240521,4616120000,73.79141089965611,5.085714285714285,5.742857142857143,4.171428571428572
2017-06-29,3.532029390335083,3.7214081961243775,3.421661065811052,3.718445506170245,3324744000,65.71960502442123,5.114285714285714,5.6571428571428575,4.228571428571429
2017-07-06,4.012512683868408,4.024611156023369,3.4507955505406778,3.502893389471875,4262912000,72.86860414457732,5.142857142857143,5.571428571428571,4.285714285714286
2017-07-13,4.076462745666504,4.135720777911725,3.91967566264768,4.024611673113825,4705556000,73.65606228587261,5.171428571428572,5.485714285714286,4.3428571428571425
2017-07-20,4.129795551300049,4.195720233977688,4.0389331272799165,4.096956831986467,3137412000,74.32532771800064,5.2,5.4,4.4
2017-07-27,4.058931350708008,4.1663369593308826,3.890292828160359,4.154732033530085,2765704000,71.71818886621026,5.228571428571429,5.314285714285714,4.457142857142857
2017-08-03,4.249545574188232,4.310037939530373,4.041401446729356,4.05843820662517,3035048000,74.32686043974924,5.257142857142857,5.228571428571429,4.514285714285714
2017-08-10,4.077696323394775,4.2631250602818,3.775480368071259,4.250779344855941,5465468000,68.21763864429627,5.285714285714286,5.142857142857142,4.571428571428571
2017-08-17,4.093747138977051,4.104858051789463,3.8856031922636536,4.069303413354391,2780296000,68.47824478282602,5.314285714285714,5.057142857142857,4.628571428571428
2017-08-24,4.094385147094727,4.13392528274225,4.009867788983118,4.129476628613536,1924892000,68.48930516778175,5.3428571428571425,4.9714285714285715,4.685714285714286
2017-08-31,4.097597599029541,4.248097676456481,4.041994605113027,4.114649359803368,2151152000,68.54914459528109,5.371428571428572,4.885714285714286,4.742857142857143
2017-09-07,4.210287570953369,4.239200996885882,4.020988791643827,4.1144025225046095,2411616000,70.65440437963993,5.4,4.8,4.8
2017-09-14,4.592590808868408,4.725050680703013,4.1467756373702285,4.171240877043359,5162164000,76.42085603732258,5.428571428571429,4.714285714285714,4.857142857142857
2017-09-21,4.342745780944824,4.514992750952778,4.2050967761929225,4.488797168888431,4280752000,67.1361233412469,5.457142857142857,4.628571428571428,4.914285714285715
2017-09-28,4.469769477844238,4.497200488392353,4.294062721864276,4.349913175655524,2375996000,69.18589633427993,5.485714285714286,4.542857142857143,4.9714285714285715
2017-10-05,4.718625545501709,4.768297942562277,4.423556932646428,4.4942352925375,2824040000,72.7692869923342,5.514285714285714,4.457142857142857,5.0285714285714285
2017-10-12,4.882719039916992,4.915339688928777,4.693667658452283,4.722087113280876,2779572000,74.84645502743646,5.542857142857143,4.371428571428572,5.085714285714285
2017-10-19,4.785843372344971,4.932389236516664,4.724309315323899,4.805119458826289,2686492000,71.38447608269611,5.571428571428571,4.285714285714286,5.142857142857142
2017-10-26,5.120452880859375,5.188906919599491,4.789551314147896,4.813522577225038,2313476000,75.58512136423991,5.6,4.2,5.2
2017-11-02,5.168888568878174,5.261313847624999,5.032721967828527,5.090796740598559,2036580000,76.1313248903175,5.628571428571428,4.114285714285714,5.257142857142857
2017-11-09,5.189152240753174,5.403905106563483,4.951664485056122,5.072756184655853,3845436000,76.36950750438314,5.6571428571428575,4.0285714285714285,5.314285714285714
2017-11-16,5.311479568481445,5.3626348357479205,5.202002545267975,5.263290069879653,2109348000,77.80912214515308,5.685714285714286,3.942857142857143,5.371428571428572
2017-11-23,4.857423782348633,5.375265378441247,4.729075965965675,5.331493653405702,2513188000,62.57140810022238,5.714285714285714,3.857142857142857,5.428571428571429
2017-11-30,4.68035888671875,5.012232341260191,4.465704362320265,4.926172801912222,4324680000,57.81643009016719,5.742857142857143,3.7714285714285714,5.485714285714286
2017-12-07,4.604190826416016,4.816867102836817,4.596771722000234,4.747128747704688,2391520000,55.850252084203575,5.771428571428571,3.6857142857142855,5.542857142857143
2017-12-14,4.866820812225342,4.898227361347245,4.565117192317534,4.597760494590309,2247824000,60.800310113488834,5.8,3.6,5.6
2017-12-21,4.875968933105469,4.945212464821205,4.729568916165073,4.870281379850189,1451748000,60.964487830281634,5.828571428571428,3.5142857142857142,5.657142857142857
2017-12-28,5.254334926605225,5.284752819787678,4.785211280437794,4.8997099698152695,1790532000,67.10168552415352,5.857142857142857,3.4285714285714284,5.714285714285714
2018-01-04,5.531558036804199,5.564201343807606,5.21996270494899,5.335698194783758,3124272000,70.73245402616338,5.885714285714286,3.342857142857143,5.771428571428571
2018-01-11,5.557275295257568,5.626271204294311,5.358695318417924,5.564199602352781,2006704000,71.05162909527773,5.914285714285715,3.257142857142857,5.828571428571428
2018-01-18,5.831281661987305,5.947264287412078,5.506826905121715,5.537986289709034,2624156000,74.27110022575036,5.942857142857143,3.1714285714285713,5.885714285714286
2018-01-25,6.078578472137451,6.1643908186953285,5.830044449268708,5.885686063804972,2430764000,76.78094827556015,5.9714285714285715,3.085714285714286,5.942857142857143
2018-02-01,5.658172607421875,6.105781897867674,5.044874268654357,5.898546063140336,4320624000,65.14635352810623,6.0,3.0,6.0
2018-02-08,5.970264434814453,5.999198425158917,5.378975121161816,5.783801937259093,5282288000,68.91238161715803,5.5,3.25,5.5
2018-02-15,5.972487926483154,6.231161736195677,5.9687786110497365,6.053601843972812,2915088000,68.93813300753713,5.0,3.5,5.0
2018-02-22,5.984605312347412,6.155488041650762,5.922780879251604,6.002658035490996,2397528000,69.08841006705569,4.5,3.75,4.5
2018-03-01,5.984366416931152,6.040043092659508,5.489710787291383,5.986098569687674,3792340000,69.08131413765308,4.0,4.0,4.0
2018-03-08,6.155107021331787,6.297639098233959,5.923739593873217,6.01183252594898,2647764000,71.34645941879526,4.057142857142857,4.057142857142857,4.0285714285714285
2018-03-15,6.1506547927856445,6.251119665196591,5.864600820803076,6.168718741210826,2508564000,71.19997878241234,4.114285714285714,4.114285714285714,4.057142857142857
2018-03-22,5.4773383140563965,6.186286714952846,5.369697057369558,6.087306221908845,4253144000,53.3582834558775,4.171428571428572,4.171428571428572,4.085714285714285
2018-03-29,5.598341464996338,5.827481171690999,5.295460674789623,5.54563399912594,3295320000,55.51565797669412,4.228571428571429,4.228571428571429,4.114285714285714
2018-04-05,5.598341464996338,5.669854821025645,5.27244758912622,5.656740019423296,3085672000,55.51565797669412,4.285714285714286,4.285714285714286,4.142857142857143
2018-04-12,5.849009990692139,5.920276038161983,5.633974798642428,5.691383624656499,2286336000,59.96470085962361,4.3428571428571425,4.3428571428571425,4.171428571428572
2018-04-19,5.361283302307129,5.7680932706178405,5.203904256581434,5.734687267632602,2288792000,49.57538572006368,4.4,4.4,4.2
2018-04-26,5.600072860717773,5.698806012596054,5.457045696011631,5.523115270064441,1626552000,53.79616612005293,4.457142857142857,4.457142857142857,4.228571428571429
2018-05-03,6.3293137550354,6.33154101092825,5.586711997303164,5.631995757981152,2634796000,63.76994132677246,4.514285714285714,4.514285714285714,4.257142857142857
2018-05-10,6.08755350112915,6.446110529732039,5.975952836595889,6.382268194695388,4249032000,59.206918984650414,4.571428571428571,4.571428571428571,4.285714285714286
2018-05-17,6.125413417816162,6.244932424861194,5.945021279386612,6.089285527023688,2605344000,59.69331841380493,4.628571428571428,4.628571428571428,4.314285714285714
2018-05-24,6.2641472816467285,6.272813402871911,6.072253855239103,6.125488869775618,1473164000,61.50466741541896,4.685714285714286,4.685714285714286,4.3428571428571425
2018-05-31,6.565232276916504,6.600887569443484,6.221557628845017,6.2322044395516345,2320928000,65.16356391209693,4.742857142857143,4.742857142857143,4.371428571428572
2018-06-07,6.497141361236572,6.578107941366486,6.417908004873746,6.561518581348384,1652644000,63.68924016447252,4.8,4.8,4.4
2018-06-14,6.494913578033447,6.665512867044007,6.314409882767858,6.542206031684622,2183256000,63.63850880961873,4.857142857142857,4.857142857142857,4.428571428571429
2018-06-21,5.836534023284912,6.545178057220965,5.831086410115906,6.526855469607792,2392268000,50.76816960704571,4.914285714285715,4.914285714285715,4.457142857142857
2018-06-28,5.864264965057373,6.041549688320115,5.775622603426002,5.826628975376629,1310616000,51.21570051858826,4.9714285714285715,4.9714285714285715,4.485714285714286
2018-07-05,6.1289544105529785,6.292620815472831,5.880607026429412,5.919480831920526,1633972000,55.38457463844343,5.0285714285714285,5.0285714285714285,4.514285714285714
2018-07-12,6.232204914093018,6.296582136945266,6.070766683884154,6.174265649660032,1429308000,56.93070706367818,5.085714285714285,5.085714285714285,4.542857142857143
2018-07-19,6.236413955688477,6.310200172072005,6.023721425347898,6.2133866375927225,1433420000,56.99613223834052,5.142857142857142,5.142857142857142,4.571428571428571
2018-07-26,6.102706909179688,6.353530345686417,5.995494511491077,6.216357736836621,1528428000,54.18050006475152,5.2,5.2,4.6
2018-08-02,6.398593425750732,6.443657707673918,5.972466509086603,6.031396106328039,1211696000,59.00663704403412,5.257142857142857,5.257142857142857,4.628571428571428
2018-08-09,6.4149370193481445,6.527844505867992,6.256965242244965,6.416422302397836,1893240000,59.26188209073488,5.314285714285714,5.314285714285714,4.6571428571428575
2018-08-16,6.507541656494141,6.512493860058797,5.910814822728723,6.484762275725724,4222680000,60.7530268500952,5.371428571428572,5.371428571428572,4.685714285714286
2018-08-23,6.89553689956665,6.92054490869395,6.455048255200629,6.46891404463612,2653464000,66.31615270991365,5.428571428571429,5.428571428571429,4.714285714285714
2018-08-30,6.8975749015808105,7.066038129704564,6.816564027577982,6.868093978417079,1438076000,66.34313937459325,5.485714285714286,5.485714285714286,4.742857142857143
2018-09-06,6.644383907318115,6.883700547567421,6.488803189017425,6.881223091914624,1500560000,59.920263004037885,5.542857142857143,5.542857142857143,4.771428571428571
2018-09-13,6.738030910491943,6.914421722193004,6.64562411276081,6.710284158039885,1422380000,61.4084452947043,5.6,5.6,4.8
2018-09-20,6.612674236297607,6.694924076555149,6.408536676324373,6.615894976434542,1708560000,58.28846297177889,5.657142857142857,5.657142857142857,4.828571428571428
2018-09-27,7.103446960449219,7.25283382162987,6.5931028466991295,6.647853063986825,2250400000,65.64720737550135,5.714285714285714,5.714285714285714,4.857142857142857
2018-10-04,6.086722373962402,7.091555465152712,6.084492521811402,7.067277057965093,2184908000,47.10620424405841,5.771428571428571,5.771428571428571,4.885714285714286
2018-10-11,6.021565914154053,6.190524800934045,5.803555011324231,5.999516889291642,2521812000,46.20556657314096,5.828571428571428,5.828571428571428,4.914285714285715
2018-10-18,4.940182685852051,6.1293343402913765,4.926309308161859,6.090934947763592,3017196000,34.437392344760525,5.885714285714286,5.885714285714286,4.942857142857143
2018-10-25,5.223100185394287,5.266702553789427,4.3604697950016105,4.842571885390855,3927484000,38.82712947817516,5.942857142857143,5.942857142857143,4.9714285714285715
2018-11-01,5.296432971954346,5.499827756805167,5.085606290104554,5.259519673272851,2181644000,39.94946380418242,6.0,6.0,5.0
2018-11-08,4.885183334350586,5.2379649192674,4.673861028757757,5.237221635261172,2713000000,35.96445824217557,5.923076923076923,5.846153846153846,4.923076923076923
2018-11-15,3.5850441455841064,5.086100491067601,3.3026208011329152,4.879237421778629,7219576000,26.846859563293123,5.846153846153846,5.6923076923076925,4.846153846153846
2018-11-22,3.965573310852051,3.970775827040442,3.537478761357149,3.5503612498988484,2769384000,32.25983415037612,5.769230769230769,5.538461538461538,4.769230769230769
2018-11-29,3.8922414779663086,4.327520452276788,3.8578054124983976,3.963838195750952,2981652000,31.7719284810964,5.6923076923076925,5.384615384615385,4.6923076923076925
2018-12-06,3.692538261413574,3.9397820225890383,3.5913592454466268,3.755527087890671,3329504000,30.422512004769374,5.615384615384615,5.230769230769231,4.615384615384615
2018-12-13,3.434879302978516,3.803637312074817,3.383297790263008,3.739408509279864,2915808000,28.72723330994253,5.538461538461538,5.076923076923077,4.538461538461538
2018-12-20,3.30071759223938,3.516466941373796,3.0864560620026307,3.426447394326317,2772268000,27.85678099075082,5.461538461538462,4.923076923076923,4.461538461538462
2018-12-27,3.378090143203736,3.434135350948628,3.104311557211347,3.248392567254332,2239664000,29.18935924248028,5.384615384615385,4.769230769230769,4.384615384615385
2019-01-03,3.5358104705810547,3.639965375088536,3.1665565229271704,3.317829009712028,3403608000,31.94878385108386,5.3076923076923075,4.615384615384615,4.3076923076923075
2019-01-10,3.69105076789856,3.802893330680168,3.455958319614628,3.516467457153775,3215204000,34.64825491824168,5.230769230769231,4.461538461538462,4.230769230769231
2019-01-17,3.702209711074829,3.917711209520685,3.6307892007049554,3.6580680091029247,2397344000,34.84832018037159,5.153846153846153,4.3076923076923075,4.153846153846153
2019-01-24,3.407104730606079,3.989627876270424,3.2486405291265896,3.786774116208623,6503232000,32.053652459832605,5.076923076923077,4.153846153846153,4.076923076923077
2019-01-31,3.794214010238648,3.858690905584447,3.382058056258653,3.403881060029456,3241380000,38.96794928579819,5.0,4.0,4.0
2019-02-07,3.791237592697144,3.864394014157124,3.5742482631293098,3.747839679483656,2790336000,38.93514212673047,4.923076923076923,3.846153846153846,3.923076923076923
2019-02-14,3.931846618652344,4.063776031559606,3.747095728365109,3.7902457908795286,3436892000,41.44322703902087,4.846153846153846,3.692307692307692,3.846153846153846
2019-02-21,3.853979110717773,4.098742987612278,3.796941784560727,3.944494615521737,2495028000,40.45234413021292,4.769230769230769,3.5384615384615383,3.769230769230769
2019-02-28,3.770654439926148,3.941022124823777,3.76792665361906,3.843810859067069,1858572000,39.36764273843454,4.6923076923076925,3.3846153846153846,3.6923076923076925
2019-03-07,4.185879707336426,4.2151724334372265,3.594563990110662,3.750957346238156,3080724000,46.99506301714223,4.615384615384615,3.230769230769231,3.6153846153846154
2019-03-14,4.329365253448486,4.444301790738995,4.1022223033768,4.195065476163354,3241980000,49.365502088499575,4.538461538461538,3.0769230769230766,3.5384615384615383
2019-03-21,4.381495952606201,4.592502939100032,4.247692868715934,4.352451804105672,3275048000,50.23625632623659,4.461538461538462,2.923076923076923,3.4615384615384617
2019-03-28,4.682367324829102,4.741449475430925,4.346990501921535,4.407561768363451,2645408000,55.04167480191299,4.384615384615385,2.769230769230769,3.3846153846153846
2019-04-04,4.768755912780762,4.794573251414719,4.610625068762836,4.666976147566401,2248056000,56.3451735761718,4.3076923076923075,2.615384615384615,3.3076923076923075
2019-04-11,4.649351119995117,4.802765563905545,4.545336969830273,4.771238448236968,2032368000,54.014091084667534,4.230769230769231,2.4615384615384612,3.230769230769231
2019-04-18,4.745669364929199,4.786381173908664,4.5696648799281325,4.656053479673679,1325984000,55.60946605728195,4.153846153846153,2.3076923076923075,3.1538461538461537
2019-04-25,4.480048656463623,4.727795357677466,4.302057908092799,4.705453414811058,2477404000,50.415055166939474,4.076923076923077,2.1538461538461537,3.0769230769230766
2019-05-02,4.317448616027832,4.589274927899564,4.24918178593986,4.489729570455934,2128072000,47.49064017861203,4.0,2.0,3.0
2019-05-09,3.961467981338501,4.259608339607537,3.9075991649260193,4.248437368348558,2913860000,41.77707493909814,3.923076923076923,1.8461538461538458,2.923076923076923
2019-05-16,3.77826452255249,4.063992674696898,3.742269116789642,3.956006694151704,3062936000,39.165543247175655,3.846153846153846,1.6923076923076916,2.846153846153846
2019-05-23,3.483847618103028,3.715955040809835,3.449093460426626,3.715955040809835,1937584000,35.34203063404706,3.769230769230769,1.5384615384615383,2.769230769230769
2019-05-30,3.5071828365325928,3.629070390082042,3.29170755671614,3.483103196313148,2416116000,35.876361596345745,3.692307692307692,1.3846153846153841,2.692307692307692
2019-06-06,3.6334617137908936,3.7865542630932767,3.51292630356294,3.515411628395752,1902540000,38.82269665750451,3.6153846153846154,1.2307692307692308,2.6153846153846154
2019-06-13,3.805441379547119,3.854898051200432,3.5499559299995846,3.6555796012362456,1892112000,42.68514136180456,3.5384615384615383,1.0769230769230766,2.5384615384615383
2019-06-20,3.9580368995666495,4.019174788640907,3.7457950340194297,3.896153839807848,1963484000,45.94612163610781,3.4615384615384612,0.9230769230769225,2.4615384615384612
2019-06-27,4.044771671295166,4.323121764846023,3.984876934091113,4.043777636615206,2199728000,47.76530367710848,3.3846153846153846,0.7692307692307692,2.3846153846153846
2019-07-04,3.977919101715088,4.035328527969566,3.852164443214136,3.986369109413976,1521276000,46.46721171296795,3.3076923076923075,0.615384615384615,2.3076923076923075
2019-07-11,4.217747211456299,4.236635295623259,4.013706508828419,4.050985422725479,2168440000,51.55372275453474,3.230769230769231,0.4615384615384617,2.230769230769231
2019-07-18,4.440177440643311,4.445893732477776,4.171520256909794,4.228184498829384,1897440000,55.75289241259369,3.1538461538461537,0.3076923076923075,2.1538461538461537
2019-07-25,4.193143367767334,4.411349924263381,4.1508938002358375,4.398674911795782,1472208000,50.51593393166243,3.0769230769230766,0.1538461538461533,2.0769230769230766
2019-08-01,3.824578046798706,4.294045050868043,3.700563302083427,4.203581236449742,2172548000,43.8916898920082,3.0,0.0,2.0
2019-08-08,3.72964096069336,3.9344270935141306,3.685900341446576,3.8822364660994007,1702152000,42.35112840956946,3.0655737704918034,0.04918032786885246,2.1147540983606556
2019-08-15,4.255524158477783,4.3106971379366685,3.6630365530442512,3.7485297373722735,3190704000,52.331872231598005,3.1311475409836067,0.09836065573770492,2.2295081967213113
2019-08-22,4.006749153137207,4.307715229028886,3.9515761711614337,4.265217262217816,1736332000,48.09025647729887,3.19672131147541,0.14754098360655737,2.3442622950819674
2019-08-29,4.198289394378662,4.250531926108337,4.061215915925859,4.102263178823916,1172460000,51.35917398934614,3.262295081967213,0.19672131147540983,2.459016393442623
2019-09-05,4.585627555847168,4.633889522869618,4.298792648334396,4.30053404973219,2204500000,57.22536655629691,3.3278688524590163,0.2459016393442623,2.5737704918032787
2019-09-12,4.477411270141602,4.686878142183521,4.390838468771139,4.632148313908285,1365464000,55.22158105080019,3.3934426229508197,0.29508196721311475,2.6885245901639343
2019-09-19,4.433876514434815,4.5017916505713895,4.246799213578349,4.483382141437611,1471132000,54.39637804263716,3.459016393442623,0.3442622950819672,2.80327868852459
2019-09-26,4.3047637939453125,4.502786781377202,4.21221992279981,4.424174597718641,1442184000,51.91843585686367,3.5245901639344264,0.39344262295081966,2.918032786885246
2019-10-03,4.495572090148926,4.685385817229969,4.278891430285548,4.3092416408319165,1933944000,55.16867743772307,3.5901639344262293,0.4426229508196721,3.0327868852459017
2019-10-10,4.83141565322876,4.9577925455306175,4.488109453282215,4.493333658465247,2048636000,60.26061069169447,3.6557377049180326,0.4918032786885246,3.1475409836065573
2019-10-17,4.853307247161865,5.038394024032239,4.6644885567885686,4.8759454662622455,1441380000,60.57494981980036,3.721311475409836,0.540983606557377,3.2622950819672134
2019-10-24,5.050086498260498,5.196862454740149,4.86052188427118,4.89460353372666,1403100000,63.379049636192775,3.7868852459016393,0.5901639344262295,3.3770491803278686
2019-10-31,5.165268421173096,5.262538272118879,4.920973507958752,5.0291895148854735,1439968000,64.95047256477852,3.8524590163934427,0.639344262295082,3.4918032786885247
2019-11-07,5.188653469085693,5.270499823640743,5.081929743983968,5.251841677106642,1296568000,65.27625573626698,3.918032786885246,0.6885245901639344,3.6065573770491803
2019-11-14,5.253582000732422,5.337418375888461,4.991375356641369,5.197608047112804,3033448000,66.21522107769593,3.9836065573770494,0.7377049180327868,3.721311475409836
2019-11-21,5.429217338562012,5.50807864874634,5.207063319585534,5.249106077641385,1619992000,68.6822517239165,4.049180327868853,0.7868852459016393,3.836065573770492
2019-11-28,5.213644027709961,5.430733912263034,4.988338822478002,5.402353281875444,1252248000,62.63652016380052,4.114754098360656,0.8360655737704918,3.9508196721311473
2019-12-05,5.410815238952637,5.416292592041751,5.166091281579238,5.235550386721529,1119184000,65.61760071017304,4.1803278688524586,0.8852459016393442,4.065573770491803
2019-12-12,5.7137956619262695,5.7742920458440015,5.372974642185982,5.381936893564007,1844772000,69.62773829391587,4.245901639344263,0.9344262295081966,4.1803278688524586
2019-12-19,5.940596103668213,6.020013237445302,5.743422726640904,5.748401967437723,1542328000,72.2380208942866,4.311475409836065,0.9836065573770492,4.295081967213115
2019-12-26,5.857941150665283,5.983415037425272,5.729230710864107,5.944079711599893,926556000,69.88091733831318,4.377049180327869,1.0327868852459017,4.409836065573771
2020-01-02,5.984411239624023,6.025738074340732,5.757612237436288,5.9438313383456975,1297520000,71.41770392644312,4.442622950819672,1.081967213114754,4.524590163934427
2020-01-09,6.113619804382324,6.29834552765097,5.996361692043597,6.070799574299715,1513440000,72.93697848668904,4.508196721311475,1.1311475409836065,4.639344262295082
2020-01-16,6.2266459465026855,6.313282632634154,6.138515393411306,6.167145310961811,995140000,74.22750774515549,4.573770491803279,1.180327868852459,4.754098360655737
2020-01-23,6.112873554229736,6.460416546209929,5.781512380790041,6.266728564069118,1658388000,70.5790441754458,4.639344262295082,1.2295081967213115,4.868852459016393
2020-01-30,6.242827892303467,6.283656613117551,5.844248919477089,6.015032662271763,1396252000,72.25647766204827,4.704918032786885,1.278688524590164,4.983606557377049
2020-02-06,6.7850542068481445,6.791527313081513,6.196023857392822,6.277183655749249,1950844000,77.91455808836682,4.770491803278689,1.3278688524590163,5.0983606557377055
2020-02-13,7.834653854370117,7.852330012125545,6.69966218544868,6.727047527828024,2884436000,84.50300211692971,4.836065573770492,1.3770491803278688,5.213114754098361
2020-02-20,6.663315296173096,7.874985766923556,6.422076672815539,7.786606393343871,4238376000,62.20199304285766,4.901639344262295,1.4262295081967213,5.327868852459016
2020-02-27,7.08305549621582,7.092515861875628,6.019514379442231,6.345895807589502,4180612000,65.6956800829426,4.967213114754099,1.4754098360655736,5.442622950819672
2020-03-05,6.139695167541504,7.054658570706459,5.933187332108756,6.8877580823047975,2750512000,53.68540263990888,5.032786885245901,1.5245901639344261,5.557377049180328
2020-03-12,5.052352428436279,6.003934379270056,4.500833721531289,5.616326682551201,3886248000,43.75592076056368,5.0983606557377055,1.5737704918032787,5.672131147540984
2020-03-19,6.118523120880127,6.522073353340825,4.817446527406857,5.030929335529632,4109100000,52.94586952521162,5.163934426229508,1.6229508196721312,5.786885245901639
2020-03-26,6.054999828338623,6.860357356290878,6.010410260329123,6.325777150982738,3544060000,52.39654389343736,5.229508196721312,1.6721311475409837,5.9016393442622945
2020-04-02,6.649862766265869,6.931351888371276,5.938418616401605,6.084144920001773,3393824000,56.90561478102208,5.295081967213115,1.721311475409836,6.016393442622951
2020-04-09,6.995872020721436,7.107471165640479,6.402005362998578,6.775663252470155,1821068000,59.31936217744363,5.360655737704918,1.7704918032786885,6.131147540983607
2020-04-16,7.128146171569824,7.448246357348736,6.65384997609598,7.151313060822462,2952644000,60.23627932381207,5.426229508196721,1.819672131147541,6.245901639344263
2020-04-23,7.434793949127197,7.577780185353419,6.989891762681107,7.170244158924657,2077940000,62.35465575611013,5.491803278688525,1.8688524590163933,6.360655737704918
2020-04-30,7.4181036949157715,7.522977342988258,6.995870450598016,7.3807380093809245,1727928000,62.16054983548303,5.557377049180328,1.9180327868852458,6.475409836065574
2020-05-07,7.7521538734436035,8.143248478239782,7.506037724251547,7.557353238552189,2300920000,64.53982263720127,5.622950819672131,1.9672131147540983,6.590163934426229
2020-05-14,8.937896728515625,9.054975551048985,7.659986516725396,7.813684602004748,3669288000,71.41139186672774,5.688524590163935,2.0163934426229506,6.704918032786885
2020-05-21,8.494738578796387,9.148888829631389,7.968129524399917,9.01910501695501,3746504000,66.24462819771779,5.754098360655737,2.0655737704918034,6.8196721311475414
2020-05-28,8.738114356994629,8.843734937249444,8.349260828988696,8.382142716711998,2626788000,67.62978818141625,5.8196721311475414,2.1147540983606556,6.934426229508197
2020-06-04,9.33322525024414,9.465998571130257,8.646442150988173,8.696761322927527,2394432000,70.78657167530544,5.885245901639344,2.163934426229508,7.049180327868853
2020-06-11,9.207143783569336,9.2699466772153,8.676058139086278,9.121412034504765,2498584000,69.24582622828524,5.950819672131148,2.2131147540983607,7.163934426229508
2020-06-18,9.206646919250488,9.612374965042603,9.086024656687488,9.198173375955164,2001516000,69.23943028298615,6.016393442622951,2.262295081967213,7.278688524590164
2020-06-25,9.500224113464355,9.545831787790394,8.87219237722097,9.326518891635247,2004944000,70.9469735152091,6.081967213114755,2.3114754098360657,7.39344262295082
2020-07-02,10.184081077575684,10.193053734045131,9.54832396927333,9.608884171621318,1403228000,74.49818162294582,6.147540983606557,2.360655737704918,7.508196721311475
2020-07-09,10.195297241210938,10.758531601112614,9.754926869926352,10.347819103709137,2395960000,74.55312090957668,6.213114754098361,2.4098360655737703,7.622950819672131
2020-07-16,10.406133651733398,10.56937169902662,9.864580991212598,9.983707764706969,1540428000,75.61651350449988,6.278688524590164,2.459016393442623,7.737704918032787
2020-07-23,10.432801246643066,10.51404665954171,9.746452958344598,10.417349606724022,1733228000,75.75452419722396,6.344262295081967,2.5081967213114753,7.852459016393443
2020-07-30,11.251483917236328,11.336218369204436,10.263081999381075,10.342582878010717,1667940000,79.57631912328894,6.409836065573771,2.557377049180328,7.967213114754099
2020-08-06,11.40450668334961,11.468805016199584,10.762019617469402,11.31428861092248,1833552000,80.20442088799852,6.475409836065574,2.6065573770491803,8.081967213114755
2020-08-13,12.100574493408203,12.456957590863604,11.320270000475368,11.509925025189466,2488268000,82.79621339450428,6.540983606557377,2.6557377049180326,8.196721311475411
2020-08-20,12.733091354370115,12.87215611172023,11.841635464142191,11.937585269650356,3022140000,84.75011953697461,6.60655737704918,2.7049180327868854,8.311475409836067
2020-08-27,14.301677703857422,14.680739668041555,12.52723826364007,12.741566692424929,2740932000,88.29920231629093,6.672131147540984,2.7540983606557377,8.426229508196721
2020-09-03,12.679065704345703,13.84525992544922,11.671172414116144,13.789667589604608,3940740000,70.11974372677955,6.737704918032787,2.80327868852459,8.540983606557377
2020-09-10,12.479131698608398,13.27736927465288,11.862130764873443,12.952540496961785,3821296000,68.25501609770467,6.803278688524591,2.8524590163934427,8.655737704918032
2020-09-17,12.089486122131348,12.691031745502505,11.87085603076677,12.097962198705217,3505480000,64.64682089756047,6.868852459016393,2.901639344262295,8.770491803278688
2020-09-24,13.49226188659668,13.584001893152902,11.980047193115023,12.038132998922633,3203708000,70.66016786290382,6.9344262295081975,2.9508196721311473,8.885245901639344
2020-10-01,13.92453384399414,14.102031218444832,13.014114113538415,13.71911667754841,2759824000,72.22782531005645,7.0,3.0,9.0
2020-10-08,14.055416107177734,14.30795052920914,13.622144288912232,14.035223015363645,1781240000,72.70339115748476,6.961538461538462,3.0384615384615383,8.923076923076923
2020-10-15,13.486529350280762,14.081593217151283,13.368862783162218,13.771721376699809,1256492000,67.30829636663003,6.923076923076923,3.076923076923077,8.846153846153847
2020-10-22,12.591312408447266,13.654050421465485,12.573363631460987,13.484281656625468,1487900000,59.78937448141091,6.884615384615385,3.1153846153846154,8.76923076923077
2020-10-29,13.75526523590088,13.788422073614075,12.265238830189864,12.80221679351972,1719680000,65.22820857147903,6.846153846153846,3.1538461538461537,8.692307692307692
2020-11-05,13.380077362060549,14.64997760055578,12.592559307990523,14.122473365601822,2334164000,62.30290220313762,6.8076923076923075,3.1923076923076925,8.615384615384615
2020-11-12,13.390799522399902,13.72709618864676,13.022343593522766,13.440907565906183,1948852000,62.35486146734028,6.769230769230769,3.230769230769231,8.538461538461538
2020-11-19,13.197346687316896,13.456362965554034,12.848585559488331,13.17540950120702,1874796000,60.72847068097413,6.730769230769231,3.269230769230769,8.461538461538462
2020-11-26,13.506219863891602,13.634854985277745,12.935586834767417,13.337198567598042,1034536000,62.41412690653428,6.6923076923076925,3.3076923076923075,8.384615384615385
2020-12-03,12.894204139709473,13.692441629180207,12.83188078140553,13.549097714885349,1298228000,57.17714879169055,6.653846153846154,3.3461538461538463,8.307692307692308
2020-12-10,13.208978652954102,13.42991739922701,12.790540212105592,12.83642424857554,1103316000,59.078954909277606,6.615384615384615,3.3846153846153846,8.23076923076923
2020-12-17,12.97631549835205,13.371063664154129,12.934671238223746,13.332910528213109,1240504000,57.06175688608521,6.576923076923077,3.4230769230769234,8.153846153846153
2020-12-24,13.112470626831056,13.180298320091246,12.730939257704966,13.004244823009262,706216000,57.96624934191215,6.538461538461538,3.4615384615384617,8.076923076923077
2020-12-31,12.582565307617188,13.617937624068416,12.554137853647283,13.103244129816478,1656248000,53.26362431389233,6.5,3.5,8.0
2021-01-07,13.497492790222168,13.925656817617384,12.853876934732943,12.934671251360696,1773856000,59.38960277246027,6.461538461538462,3.5384615384615383,7.923076923076923
2021-01-14,13.331911087036133,13.565317903215057,12.811481597630882,13.54063080845264,1045660000,57.91020190356157,6.423076923076923,3.576923076923077,7.846153846153846
2021-01-21,12.885050773620604,13.963813151974604,12.761364115375402,13.38453277995361,1370964000,54.00072070662457,6.384615384615385,3.6153846153846154,7.769230769230769
2021-01-28,13.49624729156494,13.896481393506935,12.870086075522993,12.963349512703104,1182920000,58.16114487470438,6.346153846153846,3.6538461538461537,7.6923076923076925
2021-02-04,14.726872444152832,14.867266051220549,13.303984420840225,13.496744889955936,1578028000,65.02111394138976,6.3076923076923075,3.6923076923076925,7.615384615384615
2021-02-11,14.86826515197754,15.333584474842326,14.73759626491173,14.942327406573233,1422300000,65.71663724735707,6.269230769230769,3.730769230769231,7.538461538461538
2021-02-18,14.46229362487793,15.138577634885662,13.355602526784647,14.691711846720423,1671576000,61.91017942493225,6.230769230769231,3.769230769230769,7.461538461538462
2021-02-25,12.772335052490234,14.33836027294581,12.766349724081724,14.00994343870114,2320260000,49.148189899540704,6.1923076923076925,3.8076923076923075,7.384615384615385
2021-03-04,12.436684608459473,12.947138288749729,11.537216991105328,12.768342328968444,2565496000,47.07269699167666,6.153846153846153,3.8461538461538463,7.3076923076923075
2021-03-11,13.312068939208984,13.48294375297048,12.56246189108838,12.921674116108344,1281860000,52.684626701141816,6.115384615384615,3.8846153846153846,7.230769230769231
2021-03-18,12.615346908569336,13.36520335887072,12.584914158603173,13.107768234457888,1358796000,48.29544010235794,6.076923076923077,3.9230769230769234,7.153846153846153
2021-03-25,13.31905460357666,13.441036818007415,12.245158541140716,12.472160906687186,1447612000,52.59153141961192,6.038461538461538,3.9615384615384617,7.076923076923077
2021-04-01,14.112564086914062,14.212344784809424,13.481696230511526,13.542563626681345,1006976000,56.93660766449117,6.0,4.0,7.0
2021-04-08,15.243586540222168,15.686116082177875,14.108324405140214,14.221576751495965,2370624000,62.24775175249152,6.384615384615385,4.3076923076923075,7.230769230769231
2021-04-15,15.326903343200684,16.178786221449172,14.930272730235547,15.628242844525438,1889016000,62.61354875487091,6.769230769230769,4.615384615384615,7.461538461538462
2021-04-22,15.243335723876951,15.63622468923836,14.751164685590558,15.341371215993076,1077072000,61.96501291225282,7.153846153846154,4.923076923076923,7.6923076923076925
2021-04-29,14.426876068115234,15.402736660234604,13.97960666971004,15.36631651640118,1276368000,55.875678100442734,7.538461538461538,5.230769230769231,7.923076923076923
2021-05-06,13.72840690612793,14.93800517631154,13.679264978066085,14.463545104126496,1280604000,51.23690247998123,7.923076923076923,5.538461538461538,8.153846153846153
2021-05-13,14.034984588623049,14.372744222005824,13.429561224901764,14.00305404062475,1291256000,53.07823769239903,8.307692307692308,5.846153846153847,8.384615384615385
2021-05-20,15.665658950805664,15.783899510270588,14.239286091838748,14.271215686645323,2355248000,61.4224857034346,8.692307692307693,6.153846153846154,8.615384615384615
2021-05-27,16.741552352905273,16.881746071409232,15.426185926190078,15.66541145363955,2292984000,65.75019142512832,9.076923076923077,6.461538461538462,8.846153846153847
2021-06-03,17.320281982421875,17.773538736816707,16.54672820362462,16.6642208166486,2478388000,67.84010921526902,9.461538461538462,6.769230769230769,9.076923076923077
2021-06-10,17.775365829467773,18.004166770292734,17.14235934779594,17.31601833482262,1575612000,69.42028317334565,9.846153846153847,7.076923076923077,9.307692307692308
2021-06-17,19.01992416381836,19.33705275801289,17.72147356959828,17.73968733841962,3363396000,73.28606017806676,10.23076923076923,7.384615384615385,9.538461538461538
2021-06-24,19.963321685791016,20.123008141898183,18.85749212062315,19.19008943036004,1788924000,75.78498003168798,10.615384615384617,7.6923076923076925,9.76923076923077
2021-07-01,20.331850051879883,20.8341145152586,19.97979016645096,20.08558345483015,1688036000,76.70182754960338,11.0,8.0,10.0
2021-07-08,19.80263900756836,20.49253501621316,19.66216569206199,19.81761092396229,1792716000,72.45907476599757,10.967213114754099,7.983606557377049,9.950819672131148
2021-07-15,19.371990203857425,19.80813472247216,17.83051437162095,19.77295404015454,2793552000,69.10899151086966,10.934426229508198,7.967213114754099,9.901639344262295
2021-07-22,19.46480369567871,19.84805050596615,18.704295034679564,19.60353140370702,1174495000,69.43695984816046,10.901639344262295,7.950819672131147,9.852459016393443
2021-07-29,20.234289169311523,20.27820361021414,19.18235280263833,19.48076693349686,1124842000,72.08325681868067,10.868852459016393,7.934426229508197,9.80327868852459
2021-08-05,19.66041755676269,20.69239279244277,19.39194531030961,20.45984933697872,901538000,67.39643995133505,10.836065573770492,7.918032786885246,9.754098360655737
2021-08-12,19.002710342407227,20.247267786118545,18.962787770209378,19.83108467938238,1036089000,62.38965738564767,10.80327868852459,7.901639344262295,9.704918032786885
2021-08-19,22.16949462890625,22.425991257518515,18.725253285542752,19.45581999549352,2663103000,72.84854404446905,10.770491803278688,7.885245901639344,9.655737704918034
2021-08-26,22.39704704284668,22.99786724990636,21.747323020390176,22.15651984211349,1266859000,73.42051293953678,10.737704918032787,7.868852459016393,9.60655737704918
2021-09-02,22.29918098449707,22.94502705427596,21.93782484022961,22.47786086242233,920907000,72.71107374221748,10.704918032786885,7.852459016393443,9.557377049180328
2021-09-09,22.301176071166992,22.9230666508126,21.819037231818008,22.272228434765992,1109025000,72.71686144802422,10.672131147540984,7.836065573770492,9.508196721311476
2021-09-16,21.90188789367676,22.28120966682244,20.62516851302605,22.143457082565813,1273390000,69.53814024251017,10.639344262295081,7.819672131147541,9.459016393442623
2021-09-23,20.480432510375977,22.494835455187665,20.4305204835878,22.100539011332216,1272888000,59.55697178544487,10.60655737704918,7.80327868852459,9.40983606557377
2021-09-30,20.66309928894043,21.028446051308894,19.52014000040689,20.73097695480558,1384106000,60.34468963701544,10.573770491803279,7.786885245901639,9.360655737704917
2021-10-07,20.90167236328125,21.28399093520129,20.474435838199465,21.0543994966664,914351000,61.40208501377074,10.540983606557377,7.770491803278689,9.311475409836065
2021-10-14,22.0635986328125,22.393010280751668,21.08434651796924,21.250050962921648,967826000,66.13787169518102,10.508196721311476,7.754098360655738,9.262295081967213
2021-10-21,24.407411575317383,25.213971722566,22.043632962980503,22.05760794434564,1399097000,73.26400184616115,10.475409836065573,7.737704918032787,9.21311475409836
2021-10-28,26.55058479309082,26.736254043705493,24.479284922954523,24.833651627182505,1326469000,77.85348607321258,10.442622950819672,7.721311475409836,9.163934426229508
2021-11-04,29.4064884185791,32.2524081944106,27.06966169067684,27.180463892037,3790944000,82.23078882696434,10.40983606557377,7.704918032786885,9.114754098360656
2021-11-11,29.20884132385254,30.625312550597577,28.748662624464,30.41369055173811,1823127000,81.03703080733906,10.37704918032787,7.688524590163935,9.065573770491802
2021-11-18,32.61574935913086,34.58523151532051,30.82494703503256,32.30929746344859,3037238000,85.06248478256032,10.344262295081966,7.672131147540983,9.01639344262295
2021-11-25,31.378965377807617,33.352440583853095,31.29411780745208,32.54188773072276,1844467000,78.54409688478057,10.311475409836065,7.655737704918033,8.967213114754099
2021-12-02,31.77315902709961,32.42407692823629,27.99144819380192,31.162175627368978,2744757000,79.09398440214677,10.278688524590164,7.639344262295082,8.918032786885245
2021-12-09,30.408428192138672,32.15153148105858,27.20475649884954,31.681310913542053,2941008000,72.19541927131348,10.245901639344263,7.622950819672131,8.868852459016393
2021-12-16,29.35118293762207,31.108260806956743,27.099928048144847,31.100274669278715,2802540000,67.29838250254062,10.21311475409836,7.60655737704918,8.819672131147541
2021-12-23,29.951187133789062,31.277980993901043,29.31724123086997,29.705595291744537,1510438000,68.60009559929145,10.180327868852459,7.590163934426229,8.770491803278688
2021-12-30,27.558168411254883,30.66001012410031,27.48728714758041,29.77747707669888,1992159000,58.58393909626739,10.147540983606557,7.573770491803279,8.721311475409836
2022-01-06,27.952512741088867,28.547521945653298,25.601421390208003,27.594107644735185,2246308000,59.62998203247157,10.114754098360656,7.557377049180328,8.672131147540984
2022-01-13,25.025379180908203,28.4327124773192,25.010404695653143,28.33188034129286,1848588000,49.61317393609525,10.081967213114755,7.540983606557377,8.62295081967213
2022-01-20,22.73419189453125,25.53653265367881,20.85332095371062,25.26198960631643,3488696000,43.45928086394657,10.049180327868852,7.524590163934426,8.573770491803279
2022-01-27,25.200092315673828,25.77413652411393,21.26064264744224,23.52887180287425,2744151000,50.56613109706974,10.01639344262295,7.508196721311475,8.524590163934427
2022-02-03,26.660659790039062,26.68062703967792,23.59276214733456,24.417390896438384,2076516000,54.235374498521054,9.98360655737705,7.491803278688525,8.475409836065573
2022-02-10,26.46697807312012,26.880290182921488,23.715553902692456,25.95183605064293,2991641000,53.66651242735912,9.950819672131148,7.475409836065574,8.426229508196721
2022-02-17,22.349828720092773,25.74218754306391,22.26397297320421,25.587444212889608,2771783000,43.27547600424823,9.918032786885245,7.459016393442623,8.37704918032787
2022-02-24,24.17978477478028,24.62404750269204,20.85531393506185,20.980106386859365,2543684000,48.08677377133522,9.885245901639344,7.442622950819672,8.327868852459016
2022-03-03,22.97970199584961,24.289746986293565,20.61922476348012,24.2258412842319,2297540000,45.36904424561608,9.852459016393443,7.426229508196721,8.278688524590164
2022-03-10,24.459497451782227,24.560346778527272,21.127470205781663,22.497425454062714,2344047000,49.182911233725314,9.819672131147541,7.409836065573771,8.229508196721312
2022-03-17,25.59580039978028,27.197410173449743,23.87037486526924,24.08405665839823,2843514000,51.95647850766163,9.78688524590164,7.39344262295082,8.180327868852459
2022-03-24,27.64873504638672,28.902861884842483,25.868391247403448,26.12700604534841,2834360000,56.568577795979245,9.754098360655737,7.377049180327869,8.131147540983607
2022-03-31,24.3706283569336,28.20590411514,23.96723106680045,27.740598942955472,2578243000,48.55335334522885,9.721311475409836,7.360655737704918,8.081967213114755
2022-04-07,22.169910430908203,24.68515742133072,21.25028345104604,24.404576052868062,2837181000,44.041749378493016,9.688524590163935,7.344262295081967,8.032786885245901
2022-04-14,21.44998550415039,22.743055628467168,21.04758622109745,22.471459728281967,2076553000,42.64571954410152,9.655737704918032,7.327868852459016,7.983606557377049
2022-04-21,18.38755416870117,22.358625909479056,18.2627404756891,21.676643327127376,3075091000,37.23836794225462,9.62295081967213,7.311475409836065,7.934426229508197
2022-04-28,20.303693771362305,20.36959538950109,18.3635907374226,18.93873057385624,2767417000,42.17855689407261,9.59016393442623,7.295081967213115,7.885245901639344
2022-05-05,16.605215072631836,19.89530453098134,16.543309102981745,19.837392310550023,3335724000,36.24778215746471,9.557377049180328,7.278688524590164,7.836065573770492
2022-05-12,16.91275978088379,18.34362497792772,15.543803421832036,16.194831326696384,3031602000,37.04055799121304,9.524590163934427,7.262295081967213,7.786885245901639
2022-05-19,16.94969940185547,17.660638070043763,15.73151752664945,16.911755933624576,3369986000,37.14166629601691,9.491803278688524,7.245901639344262,7.737704918032787
2022-05-26,18.292699813842773,19.17138953234975,15.998123885174785,16.012102961875772,2943568000,40.86021999667351,9.459016393442623,7.229508196721311,7.688524590163935
2022-06-02,18.620210647583008,19.58976238662233,18.16089516944029,18.264740275489515,2422007000,41.76497228042405,9.426229508196721,7.213114754098361,7.639344262295082
2022-06-09,16.505857467651367,18.90877961367089,15.392283161123723,18.457358191658205,2498591000,37.749825069252005,9.39344262295082,7.19672131147541,7.590163934426229
2022-06-16,16.339075088500977,16.986245065017872,15.308394543701448,15.839713669086509,2096307000,37.44403091048775,9.360655737704917,7.1803278688524586,7.540983606557377
2022-06-23,15.522120475769045,17.307833601209154,15.150596549724442,16.49787010590671,2307302000,35.90956639163646,9.327868852459016,7.163934426229508,7.491803278688525
2022-06-30,15.110645294189451,15.54708654295857,14.037020661918454,15.34134973765014,2444143000,35.128717584816826,9.295081967213115,7.147540983606557,7.442622950819672
2022-07-07,15.144601821899414,16.016486180557273,14.446496574604533,15.436229066096162,2378597000,35.2538399998148,9.262295081967213,7.131147540983607,7.39344262295082
2022-07-14,17.78421974182129,17.910059913599902,14.70915900857155,15.088673010832604,2975591000,44.25486706156312,9.229508196721312,7.114754098360656,7.344262295081967
2022-07-21,17.76724624633789,18.12079164183144,16.45692411280897,17.86212404885273,2542109000,44.212303682372095,9.19672131147541,7.098360655737705,7.295081967213115
2022-07-28,18.868831634521484,18.943736456130186,17.41769120287271,17.952006675949136,2294248000,47.72621326413552,9.163934426229508,7.081967213114754,7.245901639344263
2022-08-04,18.0738525390625,19.249347102931587,16.702609529053422,18.824891475588217,3043264000,45.49892946595416,9.131147540983607,7.065573770491803,7.19672131147541
2022-08-11,18.3115463256836,19.13948640333651,17.853133809878337,18.10780869970941,2343126000,46.30577969142136,9.098360655737705,7.049180327868853,7.147540983606557
2022-08-18,17.199970245361328,18.840868217516547,16.873388869420584,18.277590492671266,2159275000,43.09286422230809,9.065573770491802,7.032786885245901,7.0983606557377055
2022-08-25,15.074691772460938,17.924042884096995,14.93986423449081,16.822453190363756,3139841000,37.70600145166839,9.032786885245901,7.016393442622951,7.049180327868853
2022-09-01,13.696457862854004,14.361606333024476,13.253026501861472,14.190824582931606,2970430000,34.67851111611671,9.0,7.0,7.0
2022-09-08,13.115102767944336,14.532708355801915,12.90031384041556,13.445776954832576,2899107000,33.45817959591895,8.692307692307692,6.6923076923076925,6.769230769230769
2022-09-15,13.247971534729004,14.01721551276036,12.604604173139332,13.002213878228403,3096558000,34.02956982068662,8.384615384615385,6.384615384615385,6.538461538461538
2022-09-22,12.723487854003906,13.136082217817972,12.202000369084478,13.057159357096808,3066082000,32.831126040509275,8.076923076923077,6.076923076923077,6.3076923076923075
2022-09-29,13.19602108001709,13.307911498918909,11.934262510496714,12.435769123635517,2737192000,35.05045843123098,7.769230769230769,5.769230769230769,6.076923076923077
2022-10-06,11.488702774047852,13.642584926967888,11.271915940167831,13.207013368758888,3175406000,31.057558510156525,7.461538461538462,5.461538461538462,5.846153846153846
2022-10-13,12.03916072845459,12.47972747441132,10.8023770246169,10.96022179765188,3326802000,33.68074228587567,7.153846153846153,5.153846153846153,5.615384615384615
2022-10-20,12.883330345153809,13.374846610546708,11.87532180375881,12.101099604336596,2817784000,37.601809632125885,6.846153846153846,4.846153846153846,5.384615384615385
2022-10-27,13.206013679504396,14.196040308575258,13.04816890438642,13.6166101696732,2695939000,39.08441166173891,6.538461538461538,4.538461538461538,5.153846153846153
2022-11-03,13.762466430664062,14.876370821976243,12.943272306504422,13.030186730683315,2572408000,41.658745131476685,6.230769230769231,4.230769230769231,4.923076923076923
2022-11-10,15.894369125366213,16.98129956820162,14.532708283647889,14.785459983853702,3079581000,50.32103423090741,5.923076923076923,3.923076923076923,4.692307692307692
2022-11-17,16.502771377563477,16.51076484483677,15.065185827066331,15.699562252579172,2507812000,52.48903235174637,5.615384615384615,3.615384615384615,4.461538461538462
2022-11-24,16.906375885009766,16.913368978013718,15.504754255724944,16.301970669125385,1335357000,53.925503256058974,5.3076923076923075,3.3076923076923075,4.230769230769231
2022-12-01,16.10828399658203,17.25245030337717,15.65561223859945,16.986644804632938,1919703000,50.66353296010902,5.0,3.0,4.0
2022-12-08,17.66115379333496,18.776343779398715,15.947400154286363,16.261173012256915,2591599000,56.21352781894582,5.538461538461538,3.6538461538461537,4.461538461538462
2022-12-15,16.489004135131836,17.3074090113134,15.8404767075558,17.13353571317431,2039098000,51.503793012877466,6.076923076923077,4.3076923076923075,4.923076923076923
2022-12-22,14.025797843933104,16.12627019049695,13.87390790189094,16.082301547810474,1730339000,43.2947385508057,6.615384615384615,4.961538461538462,5.384615384615385
2022-12-29,14.738280296325684,14.985101475077778,14.085755006594315,14.39153332048854,1498014000,45.97693871218224,7.153846153846153,5.615384615384615,5.846153846153847
2023-01-05,15.98936939239502,16.04432972152074,14.023800018737198,14.480467634854474,2035829000,50.412408184126434,7.692307692307692,6.269230769230769,6.307692307692308
2023-01-12,17.364370346069336,17.86000821250993,15.480739275495509,16.088298105820147,1949422000,54.80434913909352,8.23076923076923,6.923076923076923,6.769230769230769
2023-01-19,19.3089542388916,19.48083009800097,16.71883928579762,17.02361598302534,2618803000,60.1763154726677,8.76923076923077,7.576923076923077,7.230769230769231
2023-01-26,20.927780151367188,21.176597829811747,18.93622856371836,19.686682214210222,2678782000,64.01127866986977,9.307692307692307,8.23076923076923,7.6923076923076925
2023-02-02,22.18885803222656,22.861369131332587,20.684952928348647,20.98473408141256,2669640000,66.70140178945584,9.846153846153847,8.884615384615385,8.153846153846153
2023-02-09,22.747453689575195,23.032246381893124,20.79587413224183,22.589569494118432,2645581000,67.84785420334502,10.384615384615383,9.538461538461538,8.615384615384617
2023-02-16,20.738916397094727,22.53361065167318,20.406158227387017,22.11691389630135,1801113000,59.86642875197834,10.923076923076923,10.192307692307693,9.076923076923077
2023-02-23,22.681501388549805,23.87063694322586,22.491638960770075,23.4229626281194,3076694000,64.24709792602735,11.461538461538462,10.846153846153847,9.538461538461538
2023-03-02,24.16342544555664,24.230376187011792,22.415696037991346,22.47165700021029,2267964000,67.18933886528099,12.0,11.5,10.0
2023-03-09,24.21450424194336,24.440378179106947,22.28458016473436,24.16153236298496,2397409000,67.2892598478439,12.538461538461538,12.153846153846153,10.461538461538462
2023-03-16,26.4532527923584,27.57362847574592,23.88068567957687,24.013612900511585,3209250000,71.40030678236596,13.076923076923077,12.807692307692308,10.923076923076923
2023-03-23,26.968965530395508,27.483679902307195,25.835598449649616,27.09989306426156,2130633000,72.26502974665249,13.615384615384615,13.461538461538462,11.384615384615385
2023-03-30,26.866024017333984,27.98440005829685,26.38029472674954,27.213829705336188,2080772000,71.79837295287814,14.153846153846153,14.115384615384615,11.846153846153847
2023-04-06,26.48023796081543,27.77451646971658,26.41227505705133,26.569187165699766,1553570000,69.97468298291699,14.692307692307692,14.76923076923077,12.307692307692308
2023-04-13,27.915435791015625,28.09433690102925,26.20538876768541,26.71910229094549,2034218000,72.74791419931168,15.23076923076923,15.423076923076923,12.76923076923077
2023-04-20,26.94097900390625,28.01438186320232,26.2103873368489,27.655580745474825,1896962000,68.14564434462076,15.769230769230768,16.076923076923077,13.230769230769232
2023-04-27,27.786510467529297,29.041811219466663,26.610166174370576,27.34775587506179,2025823000,69.92363221013282,16.307692307692307,16.730769230769234,13.692307692307693
2023-05-04,28.86890983581543,29.203722309005297,27.22482572576684,27.635596076651048,1712542000,72.0726138196903,16.846153846153847,17.384615384615387,14.153846153846155
2023-05-11,30.16118812561035,30.18217633556021,28.03037583731079,28.87990270589452,1772237000,74.42236015676642,17.384615384615383,18.03846153846154,14.615384615384617
2023-05-18,30.52098846435547,31.81026885959885,29.78939588497332,30.39305950938462,2672305000,75.05175176824488,17.923076923076923,18.692307692307693,15.076923076923077
2023-05-25,37.81291961669922,41.91463307736693,36.61458635351028,38.501534902188425,4184289000,83.76889582085903,18.46153846153846,19.346153846153847,15.538461538461538
2023-06-01,37.45412063598633,40.47743689182424,37.3351874510362,38.467555661610106,2415425000,82.24609611711273,19.0,20.0,16.0
2023-06-08,42.97749328613281,42.98049027778788,37.48798450643142,37.70688309921244,2587863000,86.35751194015113,20.0,21.17142857142857,17.2
2023-06-15,43.02547073364258,43.97004554074385,42.06091216795214,42.58267472120201,2227087000,86.3870015353694,21.0,22.34285714285714,18.4
2023-06-22,41.09834289550781,43.40629324805645,40.081802275408656,42.2338251853808,2415013000,79.00012131944807,22.0,23.514285714285712,19.6
2023-06-29,42.29780197143555,43.15740858353938,40.581578112982825,41.53914364805858,1403489000,80.13849390340816,23.0,24.685714285714287,20.8
2023-07-06,43.882083892822266,43.91506986769341,41.32724368907053,41.8250188650591,1792892000,81.56033901488378,24.0,25.857142857142858,22.0
2023-07-13,47.05563735961914,48.06618018059456,44.471811279765575,44.49780045776854,2757433000,84.02707465942183,25.0,27.02857142857143,23.2
2023-07-20,45.43137741088867,47.06563772214684,44.020019307102736,46.485899046615145,2596468000,78.25692774777833,26.0,28.200000000000003,24.4
2023-07-27,44.24891662597656,47.37349784352029,43.367316810622704,46.49789582459287,1806225000,74.25902029587299,27.0,29.371428571428574,25.6
2023-08-03,42.534698486328125,45.62129521640299,42.11488701433557,43.78013168773774,1949288000,68.77376593309233,28.0,30.542857142857144,26.799999999999997
2023-08-10,43.466270446777344,45.24746344740333,40.29271170804105,42.14087183994002,2920039000,70.0677299976551,29.0,31.714285714285715,28.0
2023-08-17,47.09463119506836,48.165144578189874,41.64110453734205,43.950058186380296,3263075000,74.49995923871055,30.0,32.885714285714286,29.2
2023-08-24,49.24164581298828,50.24319004543501,44.86763202410875,50.19321349612304,4203180000,76.6986903259174,31.0,34.05714285714286,30.4
2023-08-31,47.039649963378906,49.77740573452638,46.55886919238935,49.35759811236501,1843723000,70.02942520679494,32.0,35.22857142857143,31.6
2023-09-07,45.46811294555664,46.5886951239991,44.29554812126721,45.50809900954955,2127976000,65.64242691048209,33.0,36.400000000000006,32.8
2023-09-14,42.22331619262695,45.96992575780212,41.984406513316536,45.9329407456775,2117371000,57.6167247660841,34.0,37.57142857142857,34.0
2023-09-21,42.45223236083984,42.856085518940894,40.96478581452585,41.567562592836126,2196280000,58.00680236158307,35.0,38.74285714285715,35.2
2023-09-28,44.02465057373047,45.15822845854304,42.09936689424228,42.44423622332101,2088462000,60.68354793740287,36.0,39.91428571428571,36.4
2023-10-05,46.78862380981445,46.84160553773668,43.87170780075227,44.03364641020043,1984313000,64.91683191688813,37.0,41.08571428571429,37.599999999999994
2023-10-12,42.18033218383789,47.59132440330679,41.80947154933942,46.759632584617215,2770166000,54.39984060945243,38.0,42.25714285714286,38.8
2023-10-19,41.763484954833984,43.68077198521103,40.92979502166625,42.79510322280363,2256871000,53.5546531275181,39.0,43.42857142857143,40.0
2023-10-26,42.30928802490234,42.36526699140607,39.215435792800015,41.837463128210366,2301375000,54.55035576074363,40.0,44.6,41.2
2023-11-02,46.55670547485352,46.84959593349214,42.87807178377842,43.31190872106773,1924399000,61.47238225806511,41.0,45.77142857142857,42.4
2023-11-09,48.86984634399414,49.94144686260012,46.73263978405855,47.449372586496914,2238328000,64.63160294850616,42.0,46.94285714285714,43.599999999999994
2023-11-16,48.69791030883789,50.52923078013568,47.67229030842092,48.660925298486745,2544248000,64.21013852143439,43.0,48.114285714285714,44.8
2023-11-23,48.12212753295898,48.902839632543376,47.45537533811037,48.45200685164336,1473803000,62.73476920542585,44.0,49.28571428571429,46.0
2023-11-30,45.48610305786133,48.09213733445317,44.99328607858988,48.00616691733056,2085415000,56.35103904686719,45.0,50.457142857142856,47.2
2023-12-07,48.07437515258789,48.58023229231506,45.5910778534241,45.68705132229495,2039954000,60.59139622307373,46.0,51.62857142857143,48.4
2023-12-14,48.09735870361328,50.41869892203778,47.40855488590535,48.376278924963,2146105000,60.62797323165955,47.0,52.800000000000004,49.6
2023-12-21,49.40299224853516,49.66591818762621,48.40527403977149,48.797165029951,1030780000,62.74345168468554,48.0,53.971428571428575,50.8
2023-12-28,47.55551528930664,49.98282839844646,47.30658532716137,49.628928659544,1368030000,57.99498202701268,49.0,55.142857142857146,52.0
2024-01-04,54.3345947265625,54.58452387215592,47.494534815738646,47.75346028174306,2670980000,67.66512375416815,50.0,56.31428571428572,53.199999999999996
2024-01-11,56.03711318969727,56.81888921324621,53.54481979963198,54.98341109157548,1873727000,69.56041592679236,51.0,57.48571428571429,54.4
2024-01-18,61.344608306884766,62.83118637351858,56.09109661005316,57.24376970500298,2343031000,74.56549277555735,52.0,58.65714285714286,55.6
2024-01-25,61.509559631347656,63.475001941112566,60.555831491570686,62.33232438648308,2086349000,74.7047003134512,53.0,59.82857142857143,56.8
2024-02-01,70.0791244506836,70.20009234122578,61.63252242549696,62.082391789933226,2704488000,80.63466474911564,54.0,61.0,58.0
2024-02-08,73.87905883789062,74.58985588156955,69.43531882154807,70.05413906947496,2572266000,82.58430742498084,55.03846153846154,61.30769230769231,57.96153846153846
2024-02-15,67.452880859375,74.38091743891535,66.22922867549799,73.8480713407689,2310580000,69.78831310313598,56.07692307692308,61.61538461538461,57.92307692307692
2024-02-22,77.6409912109375,82.37064555760311,74.19896621304585,75.00373836964572,2983276000,76.1086792787385,57.11538461538461,61.92307692307692,57.88461538461539
2024-02-29,88.67485809326172,89.69856995153985,78.32779295758077,79.07158539224353,2705199000,80.7947254922676,58.15384615384615,62.23076923076923,57.84615384615385
2024-03-07,90.8665008544922,97.37696147270786,84.14609082726584,90.13667018047332,3732540000,81.5680544900477,59.19230769230769,62.53846153846154,57.80769230769231
2024-03-14,90.35062408447266,92.3831403088532,84.98989295768324,89.55581397292909,3064614000,80.74388918040357,60.23076923076923,62.84615384615385,57.76923076923077
2024-03-21,90.22864532470705,96.74310236958814,89.10191309032703,92.2781633110962,2718942000,80.53667910492113,61.269230769230774,63.15384615384615,57.73076923076923
2024-03-28,88.94295501708984,92.20318530803874,87.5992787595539,89.97871309319714,1690784000,78.25706364790918,62.30769230769231,63.46153846153846,57.69230769230769
2024-04-04,87.0184097290039,90.6125604422996,83.00236178169956,90.38460992815531,2053339000,74.84206838521496,63.34615384615385,63.76923076923077,57.65384615384615
2024-04-11,84.01512145996094,90.7175300840495,83.93013485819698,87.39931509641997,2167372000,69.7284300165078,64.38461538461539,64.07692307692308,57.61538461538461
2024-04-18,79.65815734863281,86.16961743108489,75.58812104518613,84.94990475588324,2869566000,63.003041297596006,65.42307692307692,64.38461538461539,57.57692307692308
2024-04-25,83.02135467529297,88.7979876043754,78.20449371582173,78.84933776673923,2288195000,65.74923302840702,66.46153846153847,64.6923076923077,57.53846153846154
2024-05-02,90.39061737060548,92.19818838107166,83.18031761440194,84.42902273703952,1915505000,70.85424247759337,67.5,65.0,57.5
2024-05-09,94.60761260986328,94.83955998823164,88.21013184063372,90.50758477255124,1717260000,73.3061351844745,68.53846153846155,65.3076923076923,57.46153846153846
2024-05-16,94.92754364013672,95.99729030669772,91.78428992474088,94.88755981141944,1880001000,73.48835713554294,69.57692307692308,65.61538461538461,57.42307692307692
2024-05-23,114.79783630371094,115.46467834881877,101.49598315632642,102.00386622837108,2474729000,81.79876941647245,70.61538461538461,65.92307692307692,57.38461538461539
2024-05-30,122.4110336303711,122.4200265583294,106.91470086789226,114.62287579765972,2470731000,83.88330546397566,71.65384615384616,66.23076923076923,57.34615384615385
2024-06-06,125.17037200927734,126.84997479122856,116.98231512140572,124.0186441694368,1913390900,84.57293298201687,72.6923076923077,66.53846153846153,57.30769230769231
2024-06-13,135.55906677246094,136.30895096412834,127.14036874478016,129.37002013620335,1152864400,86.8537086406111,73.73076923076923,66.84615384615384,57.26923076923077
2024-06-20,126.38048553466795,140.7382613519112,118.02177569723148,139.77841811823004,2438077400,76.14277871175972,74.76923076923077,67.15384615384616,57.23076923076923
2024-06-27,128.26019287109375,128.26019287109375,118.81165496380774,124.08083794090332,1287096900,76.77446847088382,75.8076923076923,67.46153846153847,57.19230769230769
2024-07-04,134.88917541503906,135.0791485226844,125.6605970435414,127.360331535661,986199200,78.89662412020002,76.84615384615384,67.76923076923077,57.15384615384615
2024-07-11,117.97177124023438,136.12896198930585,116.70197078117612,135.72902988228074,1440645100,63.06074428471149,77.88461538461539,68.07692307692308,57.11538461538461
2024-07-18,114.23235321044922,124.67074311333474,113.4224807621964,121.83117780646388,1297960100,60.185146914712334,78.92307692307693,68.38461538461539,57.07692307692308
2024-07-25,117.00192260742188,118.32171842494118,102.52416335199372,113.02254160032982,1961625700,61.58245294945159,79.96153846153847,68.6923076923077,57.03846153846154
2024-08-01,98.8947296142578,120.14144811082208,90.67599775648398,117.51184936307116,2378784700,49.38058749534096,81.0,69.0,57.0
2024-08-08,118.061767578125,118.5816839218167,97.50493732517246,101.9842488671241,1660207200,58.7073437122104,81.0,69.0,57.0
2024-08-15,128.48016357421875,129.9799320206104,117.4518674856001,118.74166926488294,1496981200,62.727413539785154,81.0,69.0,57.0
2024-08-22,125.59060668945312,131.23972823871856,122.62106403071532,129.99992945623754,1782619800,60.9549201926345,81.0,69.0,57.0
2024-08-29,106.19359588623048,124.41078318833296,104.10392232985338,121.34125762790318,1636400300,50.61544421605812,81.0,69.0,57.0
2024-09-05,116.8919448852539,117.17190041388515,100.93440347111157,104.97378033845872,1704106900,55.13564595099883,81.0,69.0,57.0
2024-09-12,113.3524932861328,120.7713454714729,113.20251492727976,116.82195095335148,1396475900,53.39437609331256,81.0,69.0,57.0
2024-09-19,123.50149536132812,124.93139717496076,114.8520896059505,117.34191597064329,1521857000,57.535616869796655,81.0,69.0,57.0
2024-09-26,118.84181213378906,127.661204310564,115.13206859256864,126.791269118292,1324086200,55.11417951643061,81.0,69.0,57.0
2024-10-03,132.64085388183594,134.51073540803478,120.33170452198462,120.9116663890327,1398960400,60.425786945441,81.0,69.0,57.0
2024-10-10,135.7106475830078,139.5903850611666,128.73113290727073,131.90091260425834,1287579200,61.51680727377784,81.0,69.0,57.0
2024-10-17,139.55038452148438,144.41005036996265,136.86056737023108,139.3303984546931,1259322200,62.894755246446095,81.0,69.0,57.0
2024-10-24,139.3303985595703,144.12007716735013,136.80057404730425,140.8103076023235,888075400,62.75611288739479,81.0,69.0,57.0
2024-10-31,145.59996032714844,146.47990453076164,132.10089119606317,137.5905181354898,1067276900,65.1162211917525,81.0,69.0,57.0
2024-11-07,146.25991821289062,149.75967687011723,143.56010744314892,146.37990505580544,955852700,65.36502415073889,81.0,69.0,57.0
2024-11-14,145.87994384765625,148.98973009964286,137.14054076379108,147.6298232280212,1204168800,65.07722876486685,81.0,69.0,57.0
2024-11-21,135.33067321777344,152.8794673084633,131.79092378994943,149.33971788063928,1398953300,57.50695489474237,81.0,69.0,57.0
2024-11-28,145.1300048828125,145.7799540199716,136.04063449249608,136.770579951692,709184300,61.9364162990361,81.0,69.0,57.0
2024-12-05,139.30039978027344,146.52989739642447,133.78077580914237,145.10000324015326,945361500,58.05910419102747,81.0,69.0,57.0
2024-12-12,128.91000366210938,139.60000610351562,126.86000061035156,137.0800018310547,1165532200,51.8310504621213,81.0,69.0,57.0
2024-12-19,140.22000122070312,141.89999389648438,128.22000122070312,131.75999450683594,797458300,57.2115617295947,81.0,69.0,57.0
2024-12-26,134.2899932861328,140.85000610351562,133.8300018310547,139.6999969482422,610182100,53.81722357966464,81.0,69.0,57.0
2025-01-02,140.11000061035156,153.1300048828125,134.6300048828125,136.0,1272079200,56.542372590676585,81.0,69.0,57.0
2025-01-09,136.24000549316406,139.9199981689453,129.50999450683594,137.4499969482422,793219200,54.25001863259627,81.0,69.0,57.0
2025-01-16,147.07000732421875,147.7899932861328,133.49000549316406,138.63999938964844,845824800,59.23126151861244,81.0,69.0,57.0
2025-01-23,123.6999969482422,148.97000122070312,116.25,145.0500030517578,2256191000,47.27064901179094,81.0,69.0,57.0
2025-01-30,124.83000183105467,127.8499984741211,113.01000213623048,123.0999984741211,1673314900,47.81932784384063,81.0,69.0,57.0
2025-02-06,131.13999938964844,135.0,125.0,127.41999816894533,1035840000,50.89223542723838,81.0,69.0,57.0
